time,output MW power (dBm),PD DC voltage (V),PD MW power (dBm)
2025-01-31 15:23:55,-10.0,0.1282270704396069,-29.81
2025-01-31 15:23:55,-10.0,0.12941423105075955,-30.5
2025-01-31 15:23:55,-10.0,0.13000781135633588,-30.21
2025-01-31 15:23:55,-10.0,0.12882065074518323,-30.09
2025-01-31 15:23:56,-10.0,0.12763349013403058,-30.09
2025-01-31 15:23:56,-10.0,0.12763349013403058,-30.05
2025-01-31 15:23:56,-10.0,0.1258527492173016,-30.03
2025-01-31 15:23:56,-10.0,0.12525916891172528,-30.05
2025-01-31 15:23:57,-10.0,0.12407200830057263,-30.05
2025-01-31 15:23:57,-10.0,0.12407200830057263,-30.09
2025-01-31 15:23:57,-10.0,0.12407200830057263,-30.09
2025-01-31 15:23:57,-10.0,0.12347842799499631,-30.08
2025-01-31 15:23:57,-10.0,0.12169768707826734,-30.14
2025-01-31 15:23:58,-10.0,0.12110410677269101,-30.22
2025-01-31 15:23:58,-10.0,0.12169768707826734,-30.14
2025-01-31 15:23:58,-10.0,0.12051052646711469,-30.16
2025-01-31 15:23:58,-10.0,0.12051052646711469,-30.2
2025-01-31 15:23:59,-10.0,0.12051052646711469,-30.17
2025-01-31 15:23:59,-10.0,0.11991694616153836,-30.26
2025-01-31 15:23:59,-10.0,0.11991694616153836,-30.19
2025-01-31 15:23:59,-10.0,0.12051052646711469,-30.19
2025-01-31 15:24:00,-10.0,0.12051052646711469,-30.22
2025-01-31 15:24:00,-10.0,0.12110410677269101,-30.19
2025-01-31 15:24:00,-10.0,0.12110410677269101,-30.17
2025-01-31 15:24:00,-10.0,0.12229126738384366,-30.12
2025-01-31 15:24:01,-10.0,0.12229126738384366,-30.19
2025-01-31 15:24:01,-10.0,0.12347842799499631,-30.13
2025-01-31 15:24:01,-10.0,0.12407200830057263,-30.09
2025-01-31 15:24:01,-10.0,0.12466558860614896,-30.08
2025-01-31 15:24:01,-10.0,0.1258527492173016,-30.13
2025-01-31 15:24:02,-10.0,0.1258527492173016,-30.09
2025-01-31 15:24:02,-10.0,0.12644632952287793,-30.05
2025-01-31 15:24:02,-10.0,0.12763349013403058,-30.02
2025-01-31 15:24:02,-10.0,0.12882065074518323,-30.04
2025-01-31 15:24:02,-10.0,0.12882065074518323,-30.03
2025-01-31 15:24:03,-10.0,0.12882065074518323,-30.01
2025-01-31 15:24:03,-10.0,0.13000781135633588,-29.98
2025-01-31 15:24:03,-10.0,0.13000781135633588,-30.03
2025-01-31 15:24:03,-10.0,0.13000781135633588,-30.02
2025-01-31 15:24:03,-10.0,0.13000781135633588,-30.0
2025-01-31 15:24:04,-10.0,0.13178855227306485,-30.07
2025-01-31 15:24:04,-10.0,0.13119497196748853,-29.98
2025-01-31 15:24:04,-10.0,0.13178855227306485,-30.0
2025-01-31 15:24:04,-10.0,0.13178855227306485,-30.0
2025-01-31 15:24:05,-10.0,0.13178855227306485,-30.0
2025-01-31 15:24:05,-10.0,0.13238213257864118,-30.0
2025-01-31 15:24:05,-10.0,0.13119497196748853,-30.0
2025-01-31 15:24:05,-10.0,0.13238213257864118,-30.0
2025-01-31 15:24:05,-10.0,0.13178855227306485,-29.93
2025-01-31 15:24:06,-10.0,0.1329757128842175,-29.94
2025-01-31 15:24:06,-10.0,0.13238213257864118,-29.93
2025-01-31 15:24:06,-10.0,0.13238213257864118,-29.94
2025-01-31 15:24:06,-10.0,0.13238213257864118,-29.91
2025-01-31 15:24:07,-10.0,0.13238213257864118,-29.94
2025-01-31 15:24:07,-10.0,0.13238213257864118,-29.94
2025-01-31 15:24:07,-10.0,0.13178855227306485,-29.91
2025-01-31 15:24:07,-10.0,0.13178855227306485,-29.93
2025-01-31 15:24:07,-10.0,0.13238213257864118,-29.94
2025-01-31 15:24:08,-10.0,0.13119497196748853,-29.91
2025-01-31 15:24:08,-10.0,0.13178855227306485,-29.94
2025-01-31 15:24:09,-9.0,0.13178855227306485,-28.91
2025-01-31 15:24:10,-9.0,0.13119497196748853,-28.92
2025-01-31 15:24:10,-9.0,0.13178855227306485,-28.95
2025-01-31 15:24:10,-9.0,0.13178855227306485,-28.93
2025-01-31 15:24:10,-9.0,0.13178855227306485,-28.96
2025-01-31 15:24:10,-9.0,0.13178855227306485,-28.96
2025-01-31 15:24:11,-9.0,0.13178855227306485,-28.96
2025-01-31 15:24:11,-9.0,0.13238213257864118,-28.96
2025-01-31 15:24:11,-9.0,0.1329757128842175,-28.93
2025-01-31 15:24:11,-9.0,0.13178855227306485,-28.89
2025-01-31 15:24:11,-9.0,0.13178855227306485,-28.93
2025-01-31 15:24:12,-9.0,0.13238213257864118,-28.95
2025-01-31 15:24:12,-9.0,0.1329757128842175,-28.92
2025-01-31 15:24:12,-9.0,0.13238213257864118,-28.91
2025-01-31 15:24:12,-9.0,0.1329757128842175,-28.93
2025-01-31 15:24:12,-9.0,0.1329757128842175,-28.91
2025-01-31 15:24:13,-9.0,0.13238213257864118,-28.91
2025-01-31 15:24:13,-9.0,0.1329757128842175,-28.92
2025-01-31 15:24:13,-9.0,0.13356929318979383,-28.91
2025-01-31 15:24:13,-9.0,0.13356929318979383,-28.91
2025-01-31 15:24:13,-9.0,0.1329757128842175,-29.0
2025-01-31 15:24:14,-9.0,0.13356929318979383,-28.92
2025-01-31 15:24:14,-9.0,0.13356929318979383,-28.92
2025-01-31 15:24:14,-9.0,0.1329757128842175,-28.91
2025-01-31 15:24:14,-9.0,0.13356929318979383,-28.92
2025-01-31 15:24:15,-9.0,0.13356929318979383,-28.91
2025-01-31 15:24:15,-9.0,0.13356929318979383,-28.91
2025-01-31 15:24:15,-9.0,0.13356929318979383,-28.88
2025-01-31 15:24:15,-9.0,0.13356929318979383,-28.97
2025-01-31 15:24:15,-9.0,0.13356929318979383,-28.88
2025-01-31 15:24:16,-9.0,0.13356929318979383,-28.89
2025-01-31 15:24:16,-9.0,0.13356929318979383,-28.91
2025-01-31 15:24:16,-9.0,0.13416287349537015,-28.91
2025-01-31 15:24:16,-9.0,0.13356929318979383,-28.91
2025-01-31 15:24:16,-9.0,0.1329757128842175,-28.89
2025-01-31 15:24:17,-9.0,0.1329757128842175,-28.87
2025-01-31 15:24:17,-9.0,0.1329757128842175,-28.89
2025-01-31 15:24:17,-9.0,0.13356929318979383,-28.88
2025-01-31 15:24:17,-9.0,0.13356929318979383,-28.87
2025-01-31 15:24:18,-9.0,0.13356929318979383,-28.88
2025-01-31 15:24:18,-9.0,0.13416287349537015,-28.87
2025-01-31 15:24:18,-9.0,0.13356929318979383,-28.87
2025-01-31 15:24:18,-9.0,0.13416287349537015,-28.92
2025-01-31 15:24:19,-9.0,0.13416287349537015,-28.89
2025-01-31 15:24:19,-9.0,0.1329757128842175,-28.87
2025-01-31 15:24:19,-9.0,0.13416287349537015,-28.88
2025-01-31 15:24:19,-9.0,0.13475645380094647,-28.93
2025-01-31 15:24:19,-9.0,0.13416287349537015,-28.88
2025-01-31 15:24:20,-9.0,0.13416287349537015,-28.89
2025-01-31 15:24:20,-9.0,0.13475645380094647,-28.87
2025-01-31 15:24:20,-9.0,0.13475645380094647,-28.88
2025-01-31 15:24:20,-9.0,0.1353500341065228,-28.92
2025-01-31 15:24:21,-9.0,0.13475645380094647,-28.92
2025-01-31 15:24:21,-9.0,0.13594361441209912,-28.92
2025-01-31 15:24:21,-9.0,0.13594361441209912,-28.91
2025-01-31 15:24:21,-9.0,0.13653719471767545,-28.97
2025-01-31 15:24:22,-9.0,0.1353500341065228,-28.92
2025-01-31 15:24:22,-9.0,0.13594361441209912,-28.92
2025-01-31 15:24:22,-9.0,0.13653719471767545,-28.92
2025-01-31 15:24:22,-9.0,0.13653719471767545,-28.91
2025-01-31 15:24:23,-8.0,0.13653719471767545,-28.04
2025-01-31 15:24:24,-8.0,0.13713077502325177,-27.98
2025-01-31 15:24:24,-8.0,0.13653719471767545,-27.98
2025-01-31 15:24:24,-8.0,0.13713077502325177,-28.02
2025-01-31 15:24:24,-8.0,0.1377243553288281,-27.96
2025-01-31 15:24:24,-8.0,0.13713077502325177,-27.99
2025-01-31 15:24:25,-8.0,0.13713077502325177,-28.12
2025-01-31 15:24:25,-8.0,0.13713077502325177,-27.97
2025-01-31 15:24:25,-8.0,0.13653719471767545,-27.98
2025-01-31 15:24:25,-8.0,0.13653719471767545,-28.04
2025-01-31 15:24:26,-8.0,0.1377243553288281,-27.97
2025-01-31 15:24:26,-8.0,0.1377243553288281,-28.0
2025-01-31 15:24:26,-8.0,0.1377243553288281,-27.97
2025-01-31 15:24:26,-8.0,0.13713077502325177,-27.99
2025-01-31 15:24:26,-8.0,0.1377243553288281,-28.08
2025-01-31 15:24:27,-8.0,0.13713077502325177,-27.97
2025-01-31 15:24:27,-8.0,0.13713077502325177,-28.0
2025-01-31 15:24:27,-8.0,0.13713077502325177,-28.0
2025-01-31 15:24:27,-8.0,0.13713077502325177,-28.0
2025-01-31 15:24:28,-8.0,0.13653719471767545,-27.97
2025-01-31 15:24:28,-8.0,0.1377243553288281,-27.98
2025-01-31 15:24:28,-8.0,0.13831793563440442,-27.99
2025-01-31 15:24:28,-8.0,0.1377243553288281,-27.98
2025-01-31 15:24:29,-8.0,0.13831793563440442,-28.02
2025-01-31 15:24:29,-8.0,0.13831793563440442,-28.0
2025-01-31 15:24:29,-8.0,0.13831793563440442,-27.99
2025-01-31 15:24:29,-8.0,0.1377243553288281,-27.98
2025-01-31 15:24:29,-8.0,0.13831793563440442,-28.02
2025-01-31 15:24:30,-8.0,0.13831793563440442,-28.0
2025-01-31 15:24:30,-8.0,0.13831793563440442,-27.99
2025-01-31 15:24:30,-8.0,0.13831793563440442,-28.02
2025-01-31 15:24:30,-8.0,0.13831793563440442,-28.06
2025-01-31 15:24:31,-8.0,0.1377243553288281,-28.02
2025-01-31 15:24:31,-8.0,0.13831793563440442,-28.07
2025-01-31 15:24:31,-8.0,0.13831793563440442,-28.02
2025-01-31 15:24:31,-8.0,0.13831793563440442,-27.99
2025-01-31 15:24:32,-8.0,0.1377243553288281,-28.02
2025-01-31 15:24:32,-8.0,0.13891151593998075,-28.02
2025-01-31 15:24:32,-8.0,0.13831793563440442,-27.99
2025-01-31 15:24:32,-8.0,0.13831793563440442,-28.04
2025-01-31 15:24:32,-8.0,0.13831793563440442,-28.0
2025-01-31 15:24:33,-8.0,0.13831793563440442,-28.08
2025-01-31 15:24:33,-8.0,0.13831793563440442,-28.08
2025-01-31 15:24:33,-8.0,0.13831793563440442,-28.08
2025-01-31 15:24:33,-8.0,0.13831793563440442,-28.0
2025-01-31 15:24:34,-8.0,0.13831793563440442,-27.97
2025-01-31 15:24:34,-8.0,0.13831793563440442,-27.99
2025-01-31 15:24:34,-8.0,0.13831793563440442,-27.99
2025-01-31 15:24:34,-8.0,0.13831793563440442,-27.95
2025-01-31 15:24:34,-8.0,0.1377243553288281,-27.97
2025-01-31 15:24:35,-8.0,0.1377243553288281,-27.98
2025-01-31 15:24:35,-8.0,0.1377243553288281,-27.96
2025-01-31 15:24:35,-8.0,0.1377243553288281,-28.02
2025-01-31 15:24:35,-8.0,0.1377243553288281,-27.95
2025-01-31 15:24:36,-8.0,0.13831793563440442,-27.97
2025-01-31 15:24:36,-8.0,0.1377243553288281,-27.94
2025-01-31 15:24:36,-8.0,0.1377243553288281,-28.02
2025-01-31 15:24:36,-8.0,0.13713077502325177,-27.98
2025-01-31 15:24:37,-8.0,0.13653719471767545,-27.92
2025-01-31 15:24:37,-8.0,0.1377243553288281,-27.94
2025-01-31 15:24:38,-7.0,0.1377243553288281,-26.98
2025-01-31 15:24:38,-7.0,0.1377243553288281,-27.0
2025-01-31 15:24:39,-7.0,0.1377243553288281,-26.95
2025-01-31 15:24:39,-7.0,0.13713077502325177,-26.95
2025-01-31 15:24:39,-7.0,0.13713077502325177,-26.95
2025-01-31 15:24:39,-7.0,0.13831793563440442,-26.95
2025-01-31 15:24:39,-7.0,0.13713077502325177,-26.95
2025-01-31 15:24:40,-7.0,0.1377243553288281,-27.04
2025-01-31 15:24:40,-7.0,0.13831793563440442,-27.06
2025-01-31 15:24:40,-7.0,0.13831793563440442,-26.97
2025-01-31 15:24:40,-7.0,0.13831793563440442,-26.98
2025-01-31 15:24:41,-7.0,0.13831793563440442,-27.0
2025-01-31 15:24:41,-7.0,0.13831793563440442,-27.06
2025-01-31 15:24:41,-7.0,0.13831793563440442,-27.01
2025-01-31 15:24:41,-7.0,0.13831793563440442,-26.95
2025-01-31 15:24:41,-7.0,0.1377243553288281,-26.93
2025-01-31 15:24:42,-7.0,0.13891151593998075,-27.0
2025-01-31 15:24:42,-7.0,0.13891151593998075,-26.98
2025-01-31 15:24:42,-7.0,0.13831793563440442,-27.03
2025-01-31 15:24:43,-7.0,0.13891151593998075,-27.0
2025-01-31 15:24:43,-7.0,0.13891151593998075,-27.0
2025-01-31 15:24:43,-7.0,0.13831793563440442,-26.98
2025-01-31 15:24:43,-7.0,0.13950509624555707,-27.03
2025-01-31 15:24:44,-7.0,0.13891151593998075,-27.0
2025-01-31 15:24:44,-7.0,0.13950509624555707,-27.02
2025-01-31 15:24:44,-7.0,0.13950509624555707,-27.0
2025-01-31 15:24:44,-7.0,0.13891151593998075,-27.04
2025-01-31 15:24:44,-7.0,0.13950509624555707,-27.01
2025-01-31 15:24:45,-7.0,0.1400986765511334,-27.01
2025-01-31 15:24:45,-7.0,0.13950509624555707,-27.01
2025-01-31 15:24:45,-7.0,0.13950509624555707,-27.04
2025-01-31 15:24:45,-7.0,0.1400986765511334,-27.04
2025-01-31 15:24:45,-7.0,0.1400986765511334,-27.08
2025-01-31 15:24:46,-7.0,0.1400986765511334,-27.11
2025-01-31 15:24:46,-7.0,0.1400986765511334,-27.04
2025-01-31 15:24:46,-7.0,0.1400986765511334,-27.07
2025-01-31 15:24:46,-7.0,0.1400986765511334,-27.06
2025-01-31 15:24:47,-7.0,0.1400986765511334,-27.06
2025-01-31 15:24:47,-7.0,0.14069225685670972,-27.13
2025-01-31 15:24:47,-7.0,0.13950509624555707,-27.06
2025-01-31 15:24:47,-7.0,0.14128583716228604,-27.12
2025-01-31 15:24:48,-7.0,0.14069225685670972,-27.04
2025-01-31 15:24:48,-7.0,0.14069225685670972,-27.13
2025-01-31 15:24:48,-7.0,0.14069225685670972,-27.08
2025-01-31 15:24:48,-7.0,0.14128583716228604,-27.07
2025-01-31 15:24:48,-7.0,0.14069225685670972,-27.06
2025-01-31 15:24:49,-7.0,0.14069225685670972,-27.06
2025-01-31 15:24:49,-7.0,0.1400986765511334,-27.06
2025-01-31 15:24:49,-7.0,0.13950509624555707,-27.1
2025-01-31 15:24:49,-7.0,0.1400986765511334,-27.1
2025-01-31 15:24:49,-7.0,0.14069225685670972,-27.13
2025-01-31 15:24:50,-7.0,0.14069225685670972,-27.11
2025-01-31 15:24:50,-7.0,0.14069225685670972,-27.02
2025-01-31 15:24:50,-7.0,0.14128583716228604,-27.06
2025-01-31 15:24:50,-7.0,0.1400986765511334,-27.04
2025-01-31 15:24:50,-7.0,0.14069225685670972,-27.04
2025-01-31 15:24:51,-7.0,0.14069225685670972,-27.02
2025-01-31 15:24:51,-7.0,0.14069225685670972,-27.04
2025-01-31 15:24:51,-7.0,0.14128583716228604,-27.07
2025-01-31 15:24:51,-7.0,0.14069225685670972,-27.06
2025-01-31 15:24:53,-6.0,0.14187941746786237,-26.08
2025-01-31 15:24:53,-6.0,0.14069225685670972,-26.07
2025-01-31 15:24:53,-6.0,0.14069225685670972,-26.06
2025-01-31 15:24:53,-6.0,0.14128583716228604,-26.1
2025-01-31 15:24:54,-6.0,0.14069225685670972,-26.1
2025-01-31 15:24:54,-6.0,0.14128583716228604,-26.08
2025-01-31 15:24:54,-6.0,0.14187941746786237,-26.08
2025-01-31 15:24:54,-6.0,0.14128583716228604,-26.12
2025-01-31 15:24:55,-6.0,0.14069225685670972,-26.07
2025-01-31 15:24:55,-6.0,0.14069225685670972,-26.11
2025-01-31 15:24:55,-6.0,0.14128583716228604,-26.06
2025-01-31 15:24:55,-6.0,0.14128583716228604,-26.08
2025-01-31 15:24:55,-6.0,0.14128583716228604,-26.06
2025-01-31 15:24:56,-6.0,0.14128583716228604,-26.04
2025-01-31 15:24:56,-6.0,0.14069225685670972,-26.06
2025-01-31 15:24:56,-6.0,0.14128583716228604,-26.08
2025-01-31 15:24:56,-6.0,0.14128583716228604,-26.08
2025-01-31 15:24:56,-6.0,0.14069225685670972,-26.08
2025-01-31 15:24:56,-6.0,0.14128583716228604,-26.08
2025-01-31 15:24:57,-6.0,0.1400986765511334,-26.08
2025-01-31 15:24:57,-6.0,0.14128583716228604,-26.12
2025-01-31 15:24:57,-6.0,0.14069225685670972,-26.08
2025-01-31 15:24:57,-6.0,0.14128583716228604,-26.11
2025-01-31 15:24:58,-6.0,0.14128583716228604,-26.07
2025-01-31 15:24:58,-6.0,0.14128583716228604,-26.06
2025-01-31 15:24:58,-6.0,0.14128583716228604,-26.03
2025-01-31 15:24:59,-6.0,0.14128583716228604,-26.03
2025-01-31 15:24:59,-6.0,0.14069225685670972,-26.06
2025-01-31 15:24:59,-6.0,0.14128583716228604,-26.07
2025-01-31 15:24:59,-6.0,0.14187941746786237,-26.06
2025-01-31 15:24:59,-6.0,0.14128583716228604,-26.08
2025-01-31 15:25:00,-6.0,0.14128583716228604,-26.08
2025-01-31 15:25:00,-6.0,0.14128583716228604,-26.08
2025-01-31 15:25:00,-6.0,0.14128583716228604,-26.1
2025-01-31 15:25:00,-6.0,0.14128583716228604,-26.07
2025-01-31 15:25:00,-6.0,0.14128583716228604,-26.17
2025-01-31 15:25:01,-6.0,0.14187941746786237,-26.1
2025-01-31 15:25:01,-6.0,0.14128583716228604,-26.06
2025-01-31 15:25:01,-6.0,0.14128583716228604,-26.07
2025-01-31 15:25:01,-6.0,0.14128583716228604,-26.08
2025-01-31 15:25:01,-6.0,0.14187941746786237,-26.07
2025-01-31 15:25:02,-6.0,0.14128583716228604,-26.12
2025-01-31 15:25:02,-6.0,0.14128583716228604,-26.12
2025-01-31 15:25:02,-6.0,0.14187941746786237,-26.12
2025-01-31 15:25:02,-6.0,0.14128583716228604,-26.12
2025-01-31 15:25:03,-6.0,0.14128583716228604,-26.07
2025-01-31 15:25:03,-6.0,0.14069225685670972,-26.07
2025-01-31 15:25:03,-6.0,0.14187941746786237,-26.06
2025-01-31 15:25:03,-6.0,0.1424729977734387,-26.07
2025-01-31 15:25:04,-6.0,0.14187941746786237,-26.12
2025-01-31 15:25:04,-6.0,0.14128583716228604,-26.07
2025-01-31 15:25:04,-6.0,0.1424729977734387,-26.15
2025-01-31 15:25:04,-6.0,0.14128583716228604,-26.1
2025-01-31 15:25:05,-6.0,0.14187941746786237,-26.08
2025-01-31 15:25:05,-6.0,0.14187941746786237,-26.07
2025-01-31 15:25:05,-6.0,0.14069225685670972,-26.1
2025-01-31 15:25:05,-6.0,0.14128583716228604,-26.07
2025-01-31 15:25:05,-6.0,0.14128583716228604,-26.11
2025-01-31 15:25:06,-6.0,0.14128583716228604,-26.12
2025-01-31 15:25:06,-6.0,0.14069225685670972,-26.08
2025-01-31 15:25:07,-5.0,0.14187941746786237,-25.11
2025-01-31 15:25:07,-5.0,0.14128583716228604,-25.14
2025-01-31 15:25:07,-5.0,0.14306657807901502,-25.09
2025-01-31 15:25:08,-5.0,0.14128583716228604,-25.12
2025-01-31 15:25:08,-5.0,0.14187941746786237,-25.12
2025-01-31 15:25:08,-5.0,0.14187941746786237,-25.12
2025-01-31 15:25:08,-5.0,0.14187941746786237,-25.11
2025-01-31 15:25:08,-5.0,0.14128583716228604,-25.09
2025-01-31 15:25:09,-5.0,0.14128583716228604,-25.1
2025-01-31 15:25:09,-5.0,0.14187941746786237,-25.08
2025-01-31 15:25:09,-5.0,0.14187941746786237,-25.16
2025-01-31 15:25:10,-5.0,0.14187941746786237,-25.12
2025-01-31 15:25:10,-5.0,0.14187941746786237,-25.11
2025-01-31 15:25:10,-5.0,0.14187941746786237,-25.08
2025-01-31 15:25:10,-5.0,0.14187941746786237,-25.12
2025-01-31 15:25:11,-5.0,0.14069225685670972,-25.09
2025-01-31 15:25:11,-5.0,0.14128583716228604,-25.16
2025-01-31 15:25:11,-5.0,0.1400986765511334,-25.09
2025-01-31 15:25:11,-5.0,0.1424729977734387,-25.1
2025-01-31 15:25:12,-5.0,0.14069225685670972,-25.08
2025-01-31 15:25:12,-5.0,0.14128583716228604,-25.11
2025-01-31 15:25:12,-5.0,0.14187941746786237,-25.17
2025-01-31 15:25:12,-5.0,0.14128583716228604,-25.12
2025-01-31 15:25:12,-5.0,0.14069225685670972,-25.17
2025-01-31 15:25:12,-5.0,0.14187941746786237,-25.11
2025-01-31 15:25:13,-5.0,0.14128583716228604,-25.1
2025-01-31 15:25:13,-5.0,0.14187941746786237,-25.1
2025-01-31 15:25:13,-5.0,0.14187941746786237,-25.14
2025-01-31 15:25:13,-5.0,0.14187941746786237,-25.14
2025-01-31 15:25:13,-5.0,0.14128583716228604,-25.19
2025-01-31 15:25:14,-5.0,0.14069225685670972,-25.19
2025-01-31 15:25:14,-5.0,0.14069225685670972,-25.08
2025-01-31 15:25:14,-5.0,0.14187941746786237,-25.1
2025-01-31 15:25:15,-5.0,0.14187941746786237,-25.17
2025-01-31 15:25:15,-5.0,0.14128583716228604,-25.16
2025-01-31 15:25:15,-5.0,0.1424729977734387,-25.12
2025-01-31 15:25:15,-5.0,0.14128583716228604,-25.13
2025-01-31 15:25:16,-5.0,0.14128583716228604,-25.12
2025-01-31 15:25:16,-5.0,0.14187941746786237,-25.09
2025-01-31 15:25:16,-5.0,0.14187941746786237,-25.12
2025-01-31 15:25:16,-5.0,0.14187941746786237,-25.1
2025-01-31 15:25:16,-5.0,0.14128583716228604,-25.13
2025-01-31 15:25:17,-5.0,0.14187941746786237,-25.11
2025-01-31 15:25:17,-5.0,0.14069225685670972,-25.09
2025-01-31 15:25:17,-5.0,0.14187941746786237,-25.09
2025-01-31 15:25:17,-5.0,0.14187941746786237,-25.36
2025-01-31 15:25:17,-5.0,0.14128583716228604,-25.08
2025-01-31 15:25:18,-5.0,0.14128583716228604,-25.26
2025-01-31 15:25:18,-5.0,0.14128583716228604,-25.13
2025-01-31 15:25:18,-5.0,0.14128583716228604,-25.1
2025-01-31 15:25:18,-5.0,0.14187941746786237,-25.07
2025-01-31 15:25:18,-5.0,0.14187941746786237,-25.07
2025-01-31 15:25:19,-5.0,0.1400986765511334,-25.09
2025-01-31 15:25:19,-5.0,0.14069225685670972,-25.1
2025-01-31 15:25:19,-5.0,0.14128583716228604,-25.08
2025-01-31 15:25:19,-5.0,0.14069225685670972,-25.08
2025-01-31 15:25:20,-5.0,0.14128583716228604,-25.08
2025-01-31 15:25:20,-5.0,0.14128583716228604,-25.07
2025-01-31 15:25:20,-5.0,0.14128583716228604,-25.1
2025-01-31 15:25:20,-5.0,0.1400986765511334,-25.12
2025-01-31 15:25:22,-4.0,0.14128583716228604,-24.16
2025-01-31 15:25:22,-4.0,0.14069225685670972,-24.16
2025-01-31 15:25:22,-4.0,0.13950509624555707,-24.16
2025-01-31 15:25:22,-4.0,0.1400986765511334,-24.18
2025-01-31 15:25:22,-4.0,0.14069225685670972,-24.12
2025-01-31 15:25:23,-4.0,0.1400986765511334,-24.16
2025-01-31 15:25:23,-4.0,0.14128583716228604,-24.15
2025-01-31 15:25:23,-4.0,0.1400986765511334,-24.18
2025-01-31 15:25:23,-4.0,0.1400986765511334,-24.1
2025-01-31 15:25:23,-4.0,0.1400986765511334,-24.1
2025-01-31 15:25:24,-4.0,0.1400986765511334,-24.14
2025-01-31 15:25:24,-4.0,0.1400986765511334,-24.13
2025-01-31 15:25:24,-4.0,0.1400986765511334,-24.12
2025-01-31 15:25:24,-4.0,0.13950509624555707,-24.17
2025-01-31 15:25:24,-4.0,0.14069225685670972,-24.15
2025-01-31 15:25:25,-4.0,0.14069225685670972,-24.11
2025-01-31 15:25:25,-4.0,0.13950509624555707,-24.21
2025-01-31 15:25:25,-4.0,0.14069225685670972,-24.21
2025-01-31 15:25:25,-4.0,0.1400986765511334,-24.21
2025-01-31 15:25:26,-4.0,0.14069225685670972,-24.15
2025-01-31 15:25:26,-4.0,0.14069225685670972,-24.12
2025-01-31 15:25:26,-4.0,0.14069225685670972,-24.11
2025-01-31 15:25:26,-4.0,0.1400986765511334,-24.16
2025-01-31 15:25:27,-4.0,0.14069225685670972,-24.1
2025-01-31 15:25:27,-4.0,0.1400986765511334,-24.11
2025-01-31 15:25:27,-4.0,0.14069225685670972,-24.1
2025-01-31 15:25:27,-4.0,0.14069225685670972,-24.1
2025-01-31 15:25:28,-4.0,0.1400986765511334,-24.11
2025-01-31 15:25:28,-4.0,0.1400986765511334,-24.1
2025-01-31 15:25:28,-4.0,0.14069225685670972,-24.12
2025-01-31 15:25:28,-4.0,0.14069225685670972,-24.13
2025-01-31 15:25:29,-4.0,0.1400986765511334,-24.19
2025-01-31 15:25:29,-4.0,0.1400986765511334,-24.14
2025-01-31 15:25:29,-4.0,0.1400986765511334,-24.2
2025-01-31 15:25:29,-4.0,0.14128583716228604,-24.14
2025-01-31 15:25:29,-4.0,0.14069225685670972,-24.12
2025-01-31 15:25:30,-4.0,0.14069225685670972,-24.15
2025-01-31 15:25:30,-4.0,0.14069225685670972,-24.13
2025-01-31 15:25:30,-4.0,0.14069225685670972,-24.13
2025-01-31 15:25:30,-4.0,0.14069225685670972,-24.15
2025-01-31 15:25:30,-4.0,0.14128583716228604,-24.15
2025-01-31 15:25:31,-4.0,0.14128583716228604,-24.18
2025-01-31 15:25:31,-4.0,0.1400986765511334,-24.18
2025-01-31 15:25:31,-4.0,0.14128583716228604,-24.16
2025-01-31 15:25:32,-4.0,0.14187941746786237,-24.21
2025-01-31 15:25:32,-4.0,0.14128583716228604,-24.16
2025-01-31 15:25:32,-4.0,0.14128583716228604,-24.18
2025-01-31 15:25:32,-4.0,0.14128583716228604,-24.17
2025-01-31 15:25:33,-4.0,0.14128583716228604,-24.16
2025-01-31 15:25:33,-4.0,0.14069225685670972,-24.16
2025-01-31 15:25:33,-4.0,0.14069225685670972,-24.16
2025-01-31 15:25:33,-4.0,0.14128583716228604,-24.16
2025-01-31 15:25:34,-4.0,0.14128583716228604,-24.15
2025-01-31 15:25:34,-4.0,0.14128583716228604,-24.16
2025-01-31 15:25:34,-4.0,0.14128583716228604,-24.16
2025-01-31 15:25:34,-4.0,0.14128583716228604,-24.16
2025-01-31 15:25:34,-4.0,0.14128583716228604,-24.16
2025-01-31 15:25:35,-4.0,0.1400986765511334,-24.14
2025-01-31 15:25:35,-4.0,0.14069225685670972,-24.13
2025-01-31 15:25:35,-4.0,0.1400986765511334,-24.13
2025-01-31 15:25:36,-3.0,0.1400986765511334,-23.19
2025-01-31 15:25:37,-3.0,0.1400986765511334,-23.23
2025-01-31 15:25:37,-3.0,0.14069225685670972,-23.16
2025-01-31 15:25:37,-3.0,0.1400986765511334,-23.16
2025-01-31 15:25:37,-3.0,0.13950509624555707,-23.19
2025-01-31 15:25:38,-3.0,0.1400986765511334,-23.23
2025-01-31 15:25:38,-3.0,0.1400986765511334,-23.22
2025-01-31 15:25:38,-3.0,0.1400986765511334,-23.16
2025-01-31 15:25:38,-3.0,0.13950509624555707,-23.17
2025-01-31 15:25:38,-3.0,0.13950509624555707,-23.19
2025-01-31 15:25:39,-3.0,0.13950509624555707,-23.14
2025-01-31 15:25:39,-3.0,0.1400986765511334,-23.19
2025-01-31 15:25:39,-3.0,0.13950509624555707,-23.16
2025-01-31 15:25:39,-3.0,0.13950509624555707,-23.2
2025-01-31 15:25:40,-3.0,0.14069225685670972,-23.19
2025-01-31 15:25:40,-3.0,0.13891151593998075,-23.14
2025-01-31 15:25:40,-3.0,0.13950509624555707,-23.22
2025-01-31 15:25:40,-3.0,0.13950509624555707,-23.14
2025-01-31 15:25:40,-3.0,0.13950509624555707,-23.16
2025-01-31 15:25:41,-3.0,0.13950509624555707,-23.13
2025-01-31 15:25:41,-3.0,0.13891151593998075,-23.14
2025-01-31 15:25:41,-3.0,0.1400986765511334,-23.12
2025-01-31 15:25:41,-3.0,0.13950509624555707,-23.16
2025-01-31 15:25:42,-3.0,0.13891151593998075,-23.14
2025-01-31 15:25:42,-3.0,0.13891151593998075,-23.14
2025-01-31 15:25:42,-3.0,0.13950509624555707,-23.12
2025-01-31 15:25:42,-3.0,0.1400986765511334,-23.12
2025-01-31 15:25:43,-3.0,0.1400986765511334,-23.12
2025-01-31 15:25:43,-3.0,0.1400986765511334,-23.17
2025-01-31 15:25:43,-3.0,0.13950509624555707,-23.14
2025-01-31 15:25:44,-3.0,0.13950509624555707,-23.13
2025-01-31 15:25:44,-3.0,0.13950509624555707,-23.14
2025-01-31 15:25:44,-3.0,0.13950509624555707,-23.12
2025-01-31 15:25:44,-3.0,0.1400986765511334,-23.2
2025-01-31 15:25:44,-3.0,0.13950509624555707,-23.17
2025-01-31 15:25:45,-3.0,0.1400986765511334,-23.2
2025-01-31 15:25:45,-3.0,0.1400986765511334,-23.2
2025-01-31 15:25:45,-3.0,0.13950509624555707,-23.19
2025-01-31 15:25:45,-3.0,0.1400986765511334,-23.17
2025-01-31 15:25:46,-3.0,0.1400986765511334,-23.2
2025-01-31 15:25:46,-3.0,0.14069225685670972,-23.2
2025-01-31 15:25:46,-3.0,0.14069225685670972,-23.23
2025-01-31 15:25:46,-3.0,0.14069225685670972,-23.16
2025-01-31 15:25:46,-3.0,0.1400986765511334,-23.14
2025-01-31 15:25:47,-3.0,0.14069225685670972,-23.36
2025-01-31 15:25:47,-3.0,0.1400986765511334,-23.2
2025-01-31 15:25:47,-3.0,0.14069225685670972,-23.2
2025-01-31 15:25:47,-3.0,0.14069225685670972,-23.16
2025-01-31 15:25:48,-3.0,0.14069225685670972,-23.17
2025-01-31 15:25:48,-3.0,0.1400986765511334,-23.2
2025-01-31 15:25:48,-3.0,0.14128583716228604,-23.19
2025-01-31 15:25:48,-3.0,0.14128583716228604,-23.19
2025-01-31 15:25:48,-3.0,0.14128583716228604,-23.19
2025-01-31 15:25:49,-3.0,0.14069225685670972,-23.17
2025-01-31 15:25:49,-3.0,0.14069225685670972,-23.19
2025-01-31 15:25:49,-3.0,0.14069225685670972,-23.16
2025-01-31 15:25:49,-3.0,0.1400986765511334,-23.24
2025-01-31 15:25:50,-3.0,0.1400986765511334,-23.2
2025-01-31 15:25:50,-3.0,0.14069225685670972,-23.16
2025-01-31 15:25:50,-3.0,0.1400986765511334,-23.13
2025-01-31 15:25:51,-2.0,0.13950509624555707,-22.25
2025-01-31 15:25:51,-2.0,0.13891151593998075,-22.25
2025-01-31 15:25:52,-2.0,0.13831793563440442,-22.25
2025-01-31 15:25:52,-2.0,0.13891151593998075,-22.24
2025-01-31 15:25:52,-2.0,0.13950509624555707,-22.27
2025-01-31 15:25:52,-2.0,0.13891151593998075,-22.24
2025-01-31 15:25:53,-2.0,0.13891151593998075,-22.25
2025-01-31 15:25:53,-2.0,0.13891151593998075,-22.25
2025-01-31 15:25:53,-2.0,0.13950509624555707,-22.3
2025-01-31 15:25:53,-2.0,0.13831793563440442,-22.27
2025-01-31 15:25:54,-2.0,0.13891151593998075,-22.24
2025-01-31 15:25:54,-2.0,0.13831793563440442,-22.2
2025-01-31 15:25:54,-2.0,0.13831793563440442,-22.2
2025-01-31 15:25:54,-2.0,0.13950509624555707,-22.2
2025-01-31 15:25:54,-2.0,0.13891151593998075,-22.25
2025-01-31 15:25:55,-2.0,0.13891151593998075,-22.25
2025-01-31 15:25:55,-2.0,0.13831793563440442,-22.24
2025-01-31 15:25:55,-2.0,0.13891151593998075,-22.25
2025-01-31 15:25:55,-2.0,0.13831793563440442,-22.23
2025-01-31 15:25:56,-2.0,0.13891151593998075,-22.23
2025-01-31 15:25:56,-2.0,0.13831793563440442,-22.25
2025-01-31 15:25:56,-2.0,0.13891151593998075,-22.25
2025-01-31 15:25:56,-2.0,0.13831793563440442,-22.2
2025-01-31 15:25:56,-2.0,0.13831793563440442,-22.23
2025-01-31 15:25:57,-2.0,0.1377243553288281,-22.22
2025-01-31 15:25:57,-2.0,0.13831793563440442,-22.23
2025-01-31 15:25:57,-2.0,0.1377243553288281,-22.22
2025-01-31 15:25:57,-2.0,0.1377243553288281,-22.2
2025-01-31 15:25:57,-2.0,0.13831793563440442,-22.2
2025-01-31 15:25:58,-2.0,0.1377243553288281,-22.19
2025-01-31 15:25:58,-2.0,0.1377243553288281,-22.2
2025-01-31 15:25:58,-2.0,0.1377243553288281,-22.19
2025-01-31 15:25:58,-2.0,0.1377243553288281,-22.25
2025-01-31 15:25:59,-2.0,0.13831793563440442,-22.22
2025-01-31 15:25:59,-2.0,0.13831793563440442,-22.2
2025-01-31 15:25:59,-2.0,0.13831793563440442,-22.19
2025-01-31 15:25:59,-2.0,0.1377243553288281,-22.18
2025-01-31 15:26:00,-2.0,0.13831793563440442,-22.19
2025-01-31 15:26:00,-2.0,0.13891151593998075,-22.19
2025-01-31 15:26:00,-2.0,0.13831793563440442,-22.19
2025-01-31 15:26:00,-2.0,0.13831793563440442,-22.2
2025-01-31 15:26:00,-2.0,0.13831793563440442,-22.22
2025-01-31 15:26:01,-2.0,0.1377243553288281,-22.28
2025-01-31 15:26:01,-2.0,0.13891151593998075,-22.25
2025-01-31 15:26:01,-2.0,0.1377243553288281,-22.23
2025-01-31 15:26:01,-2.0,0.13891151593998075,-22.25
2025-01-31 15:26:01,-2.0,0.13831793563440442,-22.24
2025-01-31 15:26:02,-2.0,0.13891151593998075,-22.25
2025-01-31 15:26:02,-2.0,0.13891151593998075,-22.24
2025-01-31 15:26:02,-2.0,0.13831793563440442,-22.25
2025-01-31 15:26:02,-2.0,0.13891151593998075,-22.26
2025-01-31 15:26:03,-2.0,0.13891151593998075,-22.23
2025-01-31 15:26:03,-2.0,0.13831793563440442,-22.23
2025-01-31 15:26:03,-2.0,0.13891151593998075,-22.23
2025-01-31 15:26:03,-2.0,0.13831793563440442,-22.22
2025-01-31 15:26:03,-2.0,0.13831793563440442,-22.22
2025-01-31 15:26:04,-2.0,0.1377243553288281,-22.2
2025-01-31 15:26:04,-2.0,0.13891151593998075,-22.22
2025-01-31 15:26:04,-2.0,0.13831793563440442,-22.23
2025-01-31 15:26:05,-2.0,0.1377243553288281,-22.17
2025-01-31 15:26:06,-1.0,0.13475645380094647,-21.12
2025-01-31 15:26:06,-1.0,0.13416287349537015,-21.1
2025-01-31 15:26:06,-1.0,0.13475645380094647,-21.12
2025-01-31 15:26:07,-1.0,0.1353500341065228,-21.12
2025-01-31 15:26:07,-1.0,0.13416287349537015,-21.11
2025-01-31 15:26:07,-1.0,0.13356929318979383,-21.1
2025-01-31 15:26:07,-1.0,0.1329757128842175,-21.09
2025-01-31 15:26:07,-1.0,0.13238213257864118,-21.13
2025-01-31 15:26:08,-1.0,0.1329757128842175,-21.09
2025-01-31 15:26:08,-1.0,0.13238213257864118,-21.07
2025-01-31 15:26:08,-1.0,0.13238213257864118,-21.1
2025-01-31 15:26:08,-1.0,0.13238213257864118,-21.07
2025-01-31 15:26:08,-1.0,0.13178855227306485,-21.08
2025-01-31 15:26:09,-1.0,0.13178855227306485,-21.1
2025-01-31 15:26:09,-1.0,0.13238213257864118,-21.1
2025-01-31 15:26:09,-1.0,0.13119497196748853,-21.1
2025-01-31 15:26:10,-1.0,0.13000781135633588,-21.14
2025-01-31 15:26:10,-1.0,0.1306013916619122,-21.1
2025-01-31 15:26:10,-1.0,0.1306013916619122,-21.11
2025-01-31 15:26:10,-1.0,0.13119497196748853,-21.1
2025-01-31 15:26:11,-1.0,0.13119497196748853,-21.08
2025-01-31 15:26:11,-1.0,0.13119497196748853,-21.07
2025-01-31 15:26:11,-1.0,0.13178855227306485,-21.07
2025-01-31 15:26:11,-1.0,0.13238213257864118,-21.07
2025-01-31 15:26:11,-1.0,0.13178855227306485,-21.11
2025-01-31 15:26:12,-1.0,0.13119497196748853,-21.1
2025-01-31 15:26:12,-1.0,0.13178855227306485,-21.06
2025-01-31 15:26:12,-1.0,0.13238213257864118,-21.06
2025-01-31 15:26:12,-1.0,0.13238213257864118,-21.08
2025-01-31 15:26:12,-1.0,0.13178855227306485,-21.11
2025-01-31 15:26:13,-1.0,0.13356929318979383,-21.07
2025-01-31 15:26:13,-1.0,0.1329757128842175,-21.1
2025-01-31 15:26:13,-1.0,0.13119497196748853,-21.06
2025-01-31 15:26:13,-1.0,0.1329757128842175,-21.1
2025-01-31 15:26:13,-1.0,0.1329757128842175,-21.1
2025-01-31 15:26:14,-1.0,0.13416287349537015,-21.04
2025-01-31 15:26:14,-1.0,0.13416287349537015,-21.1
2025-01-31 15:26:14,-1.0,0.13416287349537015,-21.13
2025-01-31 15:26:14,-1.0,0.13356929318979383,-21.08
2025-01-31 15:26:15,-1.0,0.13475645380094647,-21.07
2025-01-31 15:26:15,-1.0,0.13475645380094647,-21.12
2025-01-31 15:26:15,-1.0,0.13594361441209912,-21.11
2025-01-31 15:26:15,-1.0,0.1353500341065228,-21.08
2025-01-31 15:26:16,-1.0,0.13594361441209912,-21.1
2025-01-31 15:26:16,-1.0,0.1353500341065228,-21.18
2025-01-31 15:26:16,-1.0,0.13594361441209912,-21.1
2025-01-31 15:26:16,-1.0,0.13594361441209912,-21.1
2025-01-31 15:26:17,-1.0,0.13594361441209912,-21.1
2025-01-31 15:26:17,-1.0,0.13594361441209912,-21.1
2025-01-31 15:26:17,-1.0,0.13653719471767545,-21.1
2025-01-31 15:26:17,-1.0,0.1353500341065228,-21.12
2025-01-31 15:26:17,-1.0,0.13594361441209912,-21.16
2025-01-31 15:26:18,-1.0,0.13594361441209912,-21.1
2025-01-31 15:26:18,-1.0,0.13594361441209912,-21.1
2025-01-31 15:26:18,-1.0,0.13594361441209912,-21.11
2025-01-31 15:26:18,-1.0,0.13594361441209912,-21.1
2025-01-31 15:26:19,-1.0,0.13475645380094647,-21.1
2025-01-31 15:26:19,-1.0,0.13653719471767545,-21.09
2025-01-31 15:26:19,-1.0,0.1353500341065228,-21.1
2025-01-31 15:26:19,-1.0,0.13594361441209912,-21.08
2025-01-31 15:26:21,0.0,0.1329757128842175,-20.15
2025-01-31 15:26:21,0.0,0.1329757128842175,-20.13
2025-01-31 15:26:21,0.0,0.1329757128842175,-20.13
2025-01-31 15:26:21,0.0,0.13238213257864118,-20.13
2025-01-31 15:26:21,0.0,0.13178855227306485,-20.18
2025-01-31 15:26:22,0.0,0.13178855227306485,-20.15
2025-01-31 15:26:22,0.0,0.1306013916619122,-20.16
2025-01-31 15:26:22,0.0,0.13119497196748853,-20.12
2025-01-31 15:26:22,0.0,0.1306013916619122,-20.13
2025-01-31 15:26:23,0.0,0.13119497196748853,-20.13
2025-01-31 15:26:23,0.0,0.1306013916619122,-20.13
2025-01-31 15:26:23,0.0,0.12941423105075955,-20.16
2025-01-31 15:26:23,0.0,0.1306013916619122,-20.15
2025-01-31 15:26:23,0.0,0.13000781135633588,-20.15
2025-01-31 15:26:24,0.0,0.12882065074518323,-20.13
2025-01-31 15:26:24,0.0,0.12941423105075955,-20.16
2025-01-31 15:26:24,0.0,0.1306013916619122,-20.1
2025-01-31 15:26:24,0.0,0.12882065074518323,-20.13
2025-01-31 15:26:24,0.0,0.12941423105075955,-20.13
2025-01-31 15:26:25,0.0,0.13000781135633588,-20.1
2025-01-31 15:26:25,0.0,0.12941423105075955,-20.13
2025-01-31 15:26:25,0.0,0.12882065074518323,-20.12
2025-01-31 15:26:25,0.0,0.1282270704396069,-20.13
2025-01-31 15:26:26,0.0,0.13000781135633588,-20.12
2025-01-31 15:26:26,0.0,0.12882065074518323,-20.13
2025-01-31 15:26:26,0.0,0.12941423105075955,-20.18
2025-01-31 15:26:26,0.0,0.13000781135633588,-20.16
2025-01-31 15:26:27,0.0,0.13000781135633588,-20.13
2025-01-31 15:26:27,0.0,0.13000781135633588,-20.16
2025-01-31 15:26:27,0.0,0.13000781135633588,-20.15
2025-01-31 15:26:27,0.0,0.13119497196748853,-20.13
2025-01-31 15:26:28,0.0,0.13000781135633588,-20.13
2025-01-31 15:26:28,0.0,0.13178855227306485,-20.15
2025-01-31 15:26:28,0.0,0.1306013916619122,-20.13
2025-01-31 15:26:28,0.0,0.1306013916619122,-20.13
2025-01-31 15:26:28,0.0,0.13119497196748853,-20.13
2025-01-31 15:26:28,0.0,0.13178855227306485,-20.13
2025-01-31 15:26:29,0.0,0.13238213257864118,-20.12
2025-01-31 15:26:29,0.0,0.13119497196748853,-20.12
2025-01-31 15:26:29,0.0,0.13238213257864118,-20.12
2025-01-31 15:26:29,0.0,0.13119497196748853,-20.13
2025-01-31 15:26:30,0.0,0.13178855227306485,-20.13
2025-01-31 15:26:30,0.0,0.13119497196748853,-20.12
2025-01-31 15:26:30,0.0,0.13238213257864118,-20.13
2025-01-31 15:26:30,0.0,0.13119497196748853,-20.13
2025-01-31 15:26:30,0.0,0.1306013916619122,-20.09
2025-01-31 15:26:31,0.0,0.1306013916619122,-20.12
2025-01-31 15:26:31,0.0,0.13119497196748853,-20.13
2025-01-31 15:26:31,0.0,0.1306013916619122,-20.15
2025-01-31 15:26:31,0.0,0.1306013916619122,-20.15
2025-01-31 15:26:32,0.0,0.13000781135633588,-20.13
2025-01-31 15:26:32,0.0,0.13000781135633588,-20.13
2025-01-31 15:26:32,0.0,0.12941423105075955,-20.1
2025-01-31 15:26:32,0.0,0.13000781135633588,-20.12
2025-01-31 15:26:32,0.0,0.12941423105075955,-20.12
2025-01-31 15:26:33,0.0,0.1306013916619122,-20.13
2025-01-31 15:26:33,0.0,0.12882065074518323,-20.12
2025-01-31 15:26:33,0.0,0.13000781135633588,-20.13
2025-01-31 15:26:33,0.0,0.13000781135633588,-20.13
2025-01-31 15:26:34,0.0,0.12941423105075955,-20.1
2025-01-31 15:26:35,1.0,0.1258527492173016,-19.31
2025-01-31 15:26:35,1.0,0.12703990982845426,-19.26
2025-01-31 15:26:35,1.0,0.1258527492173016,-19.27
2025-01-31 15:26:35,1.0,0.12644632952287793,-19.31
2025-01-31 15:26:36,1.0,0.12703990982845426,-19.27
2025-01-31 15:26:36,1.0,0.1258527492173016,-19.28
2025-01-31 15:26:36,1.0,0.12644632952287793,-19.31
2025-01-31 15:26:36,1.0,0.12644632952287793,-19.26
2025-01-31 15:26:37,1.0,0.12703990982845426,-19.28
2025-01-31 15:26:37,1.0,0.1258527492173016,-19.34
2025-01-31 15:26:37,1.0,0.1258527492173016,-19.25
2025-01-31 15:26:37,1.0,0.1258527492173016,-19.25
2025-01-31 15:26:37,1.0,0.12644632952287793,-19.28
2025-01-31 15:26:38,1.0,0.12644632952287793,-19.27
2025-01-31 15:26:38,1.0,0.12703990982845426,-19.3
2025-01-31 15:26:38,1.0,0.12644632952287793,-19.26
2025-01-31 15:26:38,1.0,0.1258527492173016,-19.27
2025-01-31 15:26:39,1.0,0.12644632952287793,-19.3
2025-01-31 15:26:39,1.0,0.12644632952287793,-19.28
2025-01-31 15:26:39,1.0,0.12644632952287793,-19.26
2025-01-31 15:26:39,1.0,0.12644632952287793,-19.28
2025-01-31 15:26:39,1.0,0.12644632952287793,-19.28
2025-01-31 15:26:40,1.0,0.1258527492173016,-19.28
2025-01-31 15:26:40,1.0,0.12525916891172528,-19.27
2025-01-31 15:26:40,1.0,0.1258527492173016,-19.27
2025-01-31 15:26:40,1.0,0.1258527492173016,-19.28
2025-01-31 15:26:41,1.0,0.12525916891172528,-19.28
2025-01-31 15:26:41,1.0,0.12466558860614896,-19.28
2025-01-31 15:26:41,1.0,0.12466558860614896,-19.32
2025-01-31 15:26:41,1.0,0.12466558860614896,-19.28
2025-01-31 15:26:41,1.0,0.12525916891172528,-19.27
2025-01-31 15:26:42,1.0,0.12466558860614896,-19.26
2025-01-31 15:26:42,1.0,0.12466558860614896,-19.3
2025-01-31 15:26:42,1.0,0.12407200830057263,-19.27
2025-01-31 15:26:43,1.0,0.12466558860614896,-19.27
2025-01-31 15:26:43,1.0,0.12407200830057263,-19.3
2025-01-31 15:26:43,1.0,0.12347842799499631,-19.31
2025-01-31 15:26:43,1.0,0.12347842799499631,-19.27
2025-01-31 15:26:43,1.0,0.12347842799499631,-19.27
2025-01-31 15:26:44,1.0,0.12347842799499631,-19.32
2025-01-31 15:26:44,1.0,0.12288484768941998,-19.3
2025-01-31 15:26:44,1.0,0.12407200830057263,-19.3
2025-01-31 15:26:44,1.0,0.12347842799499631,-19.32
2025-01-31 15:26:44,1.0,0.12288484768941998,-19.31
2025-01-31 15:26:45,1.0,0.12347842799499631,-19.28
2025-01-31 15:26:45,1.0,0.12288484768941998,-19.32
2025-01-31 15:26:45,1.0,0.12347842799499631,-19.32
2025-01-31 15:26:45,1.0,0.12407200830057263,-19.32
2025-01-31 15:26:45,1.0,0.12347842799499631,-19.3
2025-01-31 15:26:46,1.0,0.12347842799499631,-19.28
2025-01-31 15:26:46,1.0,0.12347842799499631,-19.36
2025-01-31 15:26:46,1.0,0.12347842799499631,-19.31
2025-01-31 15:26:46,1.0,0.12407200830057263,-19.31
2025-01-31 15:26:47,1.0,0.12407200830057263,-19.3
2025-01-31 15:26:47,1.0,0.12407200830057263,-19.27
2025-01-31 15:26:47,1.0,0.12347842799499631,-19.26
2025-01-31 15:26:47,1.0,0.12407200830057263,-19.31
2025-01-31 15:26:48,1.0,0.12407200830057263,-19.28
2025-01-31 15:26:48,1.0,0.12407200830057263,-19.3
2025-01-31 15:26:48,1.0,0.12347842799499631,-19.3
2025-01-31 15:26:49,2.0,0.11991694616153836,-18.37
2025-01-31 15:26:50,2.0,0.12051052646711469,-18.37
2025-01-31 15:26:50,2.0,0.12051052646711469,-18.3
2025-01-31 15:26:50,2.0,0.11991694616153836,-18.3
2025-01-31 15:26:50,2.0,0.11991694616153836,-18.31
2025-01-31 15:26:50,2.0,0.12051052646711469,-18.34
2025-01-31 15:26:51,2.0,0.11991694616153836,-18.34
2025-01-31 15:26:51,2.0,0.11991694616153836,-18.34
2025-01-31 15:26:51,2.0,0.11932336585596204,-18.34
2025-01-31 15:26:51,2.0,0.11991694616153836,-18.3
2025-01-31 15:26:51,2.0,0.11991694616153836,-18.29
2025-01-31 15:26:52,2.0,0.11932336585596204,-18.3
2025-01-31 15:26:52,2.0,0.11932336585596204,-18.29
2025-01-31 15:26:52,2.0,0.11872978555038571,-18.29
2025-01-31 15:26:52,2.0,0.11932336585596204,-18.29
2025-01-31 15:26:53,2.0,0.11932336585596204,-18.3
2025-01-31 15:26:53,2.0,0.11991694616153836,-18.34
2025-01-31 15:26:53,2.0,0.11932336585596204,-18.27
2025-01-31 15:26:53,2.0,0.11932336585596204,-18.29
2025-01-31 15:26:54,2.0,0.11932336585596204,-18.29
2025-01-31 15:26:54,2.0,0.11932336585596204,-18.29
2025-01-31 15:26:54,2.0,0.11991694616153836,-18.36
2025-01-31 15:26:54,2.0,0.11932336585596204,-18.28
2025-01-31 15:26:55,2.0,0.11932336585596204,-18.27
2025-01-31 15:26:55,2.0,0.11932336585596204,-18.29
2025-01-31 15:26:55,2.0,0.11872978555038571,-18.32
2025-01-31 15:26:55,2.0,0.11991694616153836,-18.27
2025-01-31 15:26:56,2.0,0.11932336585596204,-18.27
2025-01-31 15:26:56,2.0,0.11991694616153836,-18.25
2025-01-31 15:26:56,2.0,0.12051052646711469,-18.29
2025-01-31 15:26:56,2.0,0.11991694616153836,-18.29
2025-01-31 15:26:56,2.0,0.11932336585596204,-18.29
2025-01-31 15:26:57,2.0,0.11872978555038571,-18.29
2025-01-31 15:26:57,2.0,0.11872978555038571,-18.28
2025-01-31 15:26:57,2.0,0.11872978555038571,-18.28
2025-01-31 15:26:57,2.0,0.11991694616153836,-18.28
2025-01-31 15:26:58,2.0,0.11932336585596204,-18.3
2025-01-31 15:26:58,2.0,0.11932336585596204,-18.28
2025-01-31 15:26:58,2.0,0.11991694616153836,-18.3
2025-01-31 15:26:59,2.0,0.11932336585596204,-18.32
2025-01-31 15:26:59,2.0,0.12051052646711469,-18.32
2025-01-31 15:26:59,2.0,0.11932336585596204,-18.29
2025-01-31 15:26:59,2.0,0.11991694616153836,-18.3
2025-01-31 15:26:59,2.0,0.11932336585596204,-18.31
2025-01-31 15:27:00,2.0,0.11932336585596204,-18.3
2025-01-31 15:27:00,2.0,0.11932336585596204,-18.37
2025-01-31 15:27:00,2.0,0.11991694616153836,-18.3
2025-01-31 15:27:00,2.0,0.11932336585596204,-18.32
2025-01-31 15:27:00,2.0,0.11991694616153836,-18.3
2025-01-31 15:27:01,2.0,0.11872978555038571,-18.3
2025-01-31 15:27:01,2.0,0.11932336585596204,-18.36
2025-01-31 15:27:01,2.0,0.11932336585596204,-18.31
2025-01-31 15:27:01,2.0,0.11932336585596204,-18.34
2025-01-31 15:27:01,2.0,0.11872978555038571,-18.3
2025-01-31 15:27:02,2.0,0.11932336585596204,-18.32
2025-01-31 15:27:02,2.0,0.11872978555038571,-18.32
2025-01-31 15:27:02,2.0,0.11872978555038571,-18.32
2025-01-31 15:27:02,2.0,0.11813620524480939,-18.3
2025-01-31 15:27:03,2.0,0.11932336585596204,-18.3
2025-01-31 15:27:03,2.0,0.11932336585596204,-18.3
2025-01-31 15:27:04,3.0,0.11932336585596204,-17.42
2025-01-31 15:27:04,3.0,0.11932336585596204,-17.42
2025-01-31 15:27:04,3.0,0.11932336585596204,-17.41
2025-01-31 15:27:05,3.0,0.11932336585596204,-17.38
2025-01-31 15:27:05,3.0,0.11991694616153836,-17.41
2025-01-31 15:27:05,3.0,0.11991694616153836,-17.41
2025-01-31 15:27:05,3.0,0.11991694616153836,-17.36
2025-01-31 15:27:05,3.0,0.11991694616153836,-17.42
2025-01-31 15:27:06,3.0,0.11932336585596204,-17.41
2025-01-31 15:27:06,3.0,0.11872978555038571,-17.38
2025-01-31 15:27:06,3.0,0.12051052646711469,-17.36
2025-01-31 15:27:06,3.0,0.11991694616153836,-17.38
2025-01-31 15:27:07,3.0,0.11991694616153836,-17.38
2025-01-31 15:27:07,3.0,0.11932336585596204,-17.4
2025-01-31 15:27:07,3.0,0.11932336585596204,-17.4
2025-01-31 15:27:07,3.0,0.11991694616153836,-17.36
2025-01-31 15:27:07,3.0,0.11932336585596204,-17.36
2025-01-31 15:27:08,3.0,0.11991694616153836,-17.36
2025-01-31 15:27:08,3.0,0.11991694616153836,-17.36
2025-01-31 15:27:08,3.0,0.11991694616153836,-17.36
2025-01-31 15:27:08,3.0,0.11932336585596204,-17.35
2025-01-31 15:27:08,3.0,0.12051052646711469,-17.4
2025-01-31 15:27:09,3.0,0.12051052646711469,-17.36
2025-01-31 15:27:09,3.0,0.11932336585596204,-17.38
2025-01-31 15:27:09,3.0,0.11932336585596204,-17.4
2025-01-31 15:27:09,3.0,0.11991694616153836,-17.36
2025-01-31 15:27:10,3.0,0.11991694616153836,-17.36
2025-01-31 15:27:10,3.0,0.11991694616153836,-17.38
2025-01-31 15:27:10,3.0,0.11991694616153836,-17.41
2025-01-31 15:27:10,3.0,0.11932336585596204,-17.4
2025-01-31 15:27:11,3.0,0.11932336585596204,-17.44
2025-01-31 15:27:11,3.0,0.11991694616153836,-17.41
2025-01-31 15:27:11,3.0,0.11991694616153836,-17.41
2025-01-31 15:27:11,3.0,0.11991694616153836,-17.38
2025-01-31 15:27:11,3.0,0.11991694616153836,-17.41
2025-01-31 15:27:12,3.0,0.11932336585596204,-17.41
2025-01-31 15:27:12,3.0,0.11932336585596204,-17.41
2025-01-31 15:27:12,3.0,0.11991694616153836,-17.41
2025-01-31 15:27:12,3.0,0.11932336585596204,-17.41
2025-01-31 15:27:12,3.0,0.11991694616153836,-17.41
2025-01-31 15:27:13,3.0,0.11932336585596204,-17.41
2025-01-31 15:27:13,3.0,0.11932336585596204,-17.48
2025-01-31 15:27:13,3.0,0.11872978555038571,-17.44
2025-01-31 15:27:13,3.0,0.11932336585596204,-17.41
2025-01-31 15:27:13,3.0,0.11991694616153836,-17.41
2025-01-31 15:27:13,3.0,0.11932336585596204,-17.41
2025-01-31 15:27:14,3.0,0.11991694616153836,-17.41
2025-01-31 15:27:14,3.0,0.11991694616153836,-17.41
2025-01-31 15:27:14,3.0,0.11872978555038571,-17.41
2025-01-31 15:27:15,3.0,0.11991694616153836,-17.41
2025-01-31 15:27:15,3.0,0.11932336585596204,-17.41
2025-01-31 15:27:15,3.0,0.12051052646711469,-17.4
2025-01-31 15:27:15,3.0,0.11932336585596204,-17.4
2025-01-31 15:27:16,3.0,0.11932336585596204,-17.42
2025-01-31 15:27:16,3.0,0.11932336585596204,-17.44
2025-01-31 15:27:16,3.0,0.11991694616153836,-17.47
2025-01-31 15:27:16,3.0,0.11872978555038571,-17.42
2025-01-31 15:27:17,3.0,0.11991694616153836,-17.41
2025-01-31 15:27:17,3.0,0.11991694616153836,-17.41
2025-01-31 15:27:17,3.0,0.11991694616153836,-17.46
2025-01-31 15:27:18,4.0,0.12525916891172528,-16.58
2025-01-31 15:27:18,4.0,0.12466558860614896,-16.58
2025-01-31 15:27:19,4.0,0.12466558860614896,-16.58
2025-01-31 15:27:19,4.0,0.12525916891172528,-16.58
2025-01-31 15:27:19,4.0,0.12525916891172528,-16.58
2025-01-31 15:27:19,4.0,0.12466558860614896,-16.56
2025-01-31 15:27:20,4.0,0.12525916891172528,-16.58
2025-01-31 15:27:20,4.0,0.1258527492173016,-16.55
2025-01-31 15:27:20,4.0,0.12466558860614896,-16.55
2025-01-31 15:27:21,4.0,0.12525916891172528,-16.57
2025-01-31 15:27:21,4.0,0.12466558860614896,-16.58
2025-01-31 15:27:21,4.0,0.12466558860614896,-16.55
2025-01-31 15:27:21,4.0,0.12525916891172528,-16.61
2025-01-31 15:27:21,4.0,0.12466558860614896,-16.56
2025-01-31 15:27:22,4.0,0.12466558860614896,-16.56
2025-01-31 15:27:22,4.0,0.12407200830057263,-16.55
2025-01-31 15:27:22,4.0,0.12407200830057263,-16.55
2025-01-31 15:27:22,4.0,0.12407200830057263,-16.57
2025-01-31 15:27:22,4.0,0.12407200830057263,-16.56
2025-01-31 15:27:23,4.0,0.12525916891172528,-16.61
2025-01-31 15:27:23,4.0,0.12407200830057263,-16.6
2025-01-31 15:27:23,4.0,0.12347842799499631,-16.61
2025-01-31 15:27:23,4.0,0.12347842799499631,-16.58
2025-01-31 15:27:23,4.0,0.12466558860614896,-16.6
2025-01-31 15:27:24,4.0,0.12407200830057263,-16.6
2025-01-31 15:27:24,4.0,0.12407200830057263,-16.62
2025-01-31 15:27:24,4.0,0.12347842799499631,-16.63
2025-01-31 15:27:24,4.0,0.12288484768941998,-16.58
2025-01-31 15:27:24,4.0,0.12347842799499631,-16.6
2025-01-31 15:27:25,4.0,0.12407200830057263,-16.6
2025-01-31 15:27:25,4.0,0.12347842799499631,-16.6
2025-01-31 15:27:25,4.0,0.12407200830057263,-16.62
2025-01-31 15:27:25,4.0,0.12466558860614896,-16.62
2025-01-31 15:27:26,4.0,0.12407200830057263,-16.64
2025-01-31 15:27:26,4.0,0.12525916891172528,-16.6
2025-01-31 15:27:26,4.0,0.12525916891172528,-16.56
2025-01-31 15:27:26,4.0,0.12525916891172528,-16.56
2025-01-31 15:27:27,4.0,0.12525916891172528,-16.58
2025-01-31 15:27:27,4.0,0.1258527492173016,-16.54
2025-01-31 15:27:27,4.0,0.1258527492173016,-16.54
2025-01-31 15:27:27,4.0,0.1258527492173016,-16.57
2025-01-31 15:27:28,4.0,0.1258527492173016,-16.56
2025-01-31 15:27:28,4.0,0.12644632952287793,-16.55
2025-01-31 15:27:28,4.0,0.12644632952287793,-16.55
2025-01-31 15:27:28,4.0,0.1258527492173016,-16.51
2025-01-31 15:27:28,4.0,0.12763349013403058,-16.51
2025-01-31 15:27:29,4.0,0.12703990982845426,-16.51
2025-01-31 15:27:29,4.0,0.12763349013403058,-16.52
2025-01-31 15:27:29,4.0,0.12703990982845426,-16.5
2025-01-31 15:27:29,4.0,0.1282270704396069,-16.5
2025-01-31 15:27:29,4.0,0.12644632952287793,-16.51
2025-01-31 15:27:30,4.0,0.12703990982845426,-16.52
2025-01-31 15:27:30,4.0,0.12703990982845426,-16.5
2025-01-31 15:27:30,4.0,0.12703990982845426,-16.52
2025-01-31 15:27:30,4.0,0.12763349013403058,-16.49
2025-01-31 15:27:30,4.0,0.12703990982845426,-16.49
2025-01-31 15:27:31,4.0,0.12703990982845426,-16.49
2025-01-31 15:27:31,4.0,0.12703990982845426,-16.49
2025-01-31 15:27:31,4.0,0.12703990982845426,-16.48
2025-01-31 15:27:31,4.0,0.12703990982845426,-16.52
2025-01-31 15:27:33,5.0,0.13713077502325177,-16.08
2025-01-31 15:27:33,5.0,0.1377243553288281,-16.12
2025-01-31 15:27:33,5.0,0.1377243553288281,-16.1
2025-01-31 15:27:33,5.0,0.1377243553288281,-16.14
2025-01-31 15:27:33,5.0,0.1377243553288281,-16.1
2025-01-31 15:27:34,5.0,0.1377243553288281,-16.12
2025-01-31 15:27:34,5.0,0.13831793563440442,-16.18
2025-01-31 15:27:34,5.0,0.13831793563440442,-16.18
2025-01-31 15:27:34,5.0,0.13831793563440442,-16.1
2025-01-31 15:27:35,5.0,0.1377243553288281,-16.17
2025-01-31 15:27:35,5.0,0.13891151593998075,-16.15
2025-01-31 15:27:35,5.0,0.13831793563440442,-16.17
2025-01-31 15:27:35,5.0,0.13891151593998075,-16.2
2025-01-31 15:27:35,5.0,0.13950509624555707,-16.15
2025-01-31 15:27:36,5.0,0.13891151593998075,-16.13
2025-01-31 15:27:36,5.0,0.13891151593998075,-16.16
2025-01-31 15:27:36,5.0,0.1400986765511334,-16.16
2025-01-31 15:27:36,5.0,0.1400986765511334,-16.16
2025-01-31 15:27:37,5.0,0.13950509624555707,-16.16
2025-01-31 15:27:37,5.0,0.13950509624555707,-16.15
2025-01-31 15:27:37,5.0,0.1400986765511334,-16.2
2025-01-31 15:27:37,5.0,0.1400986765511334,-16.24
2025-01-31 15:27:37,5.0,0.14069225685670972,-16.23
2025-01-31 15:27:38,5.0,0.1400986765511334,-16.25
2025-01-31 15:27:38,5.0,0.13950509624555707,-16.24
2025-01-31 15:27:38,5.0,0.14128583716228604,-16.29
2025-01-31 15:27:38,5.0,0.14069225685670972,-16.23
2025-01-31 15:27:38,5.0,0.14069225685670972,-16.33
2025-01-31 15:27:39,5.0,0.14069225685670972,-16.31
2025-01-31 15:27:39,5.0,0.14069225685670972,-16.26
2025-01-31 15:27:39,5.0,0.14128583716228604,-16.29
2025-01-31 15:27:39,5.0,0.14187941746786237,-16.32
2025-01-31 15:27:40,5.0,0.14069225685670972,-16.33
2025-01-31 15:27:40,5.0,0.14069225685670972,-16.31
2025-01-31 15:27:40,5.0,0.14069225685670972,-16.29
2025-01-31 15:27:40,5.0,0.14069225685670972,-16.36
2025-01-31 15:27:40,5.0,0.14128583716228604,-16.29
2025-01-31 15:27:41,5.0,0.1400986765511334,-16.37
2025-01-31 15:27:41,5.0,0.1400986765511334,-16.28
2025-01-31 15:27:41,5.0,0.14128583716228604,-16.25
2025-01-31 15:27:41,5.0,0.14069225685670972,-16.31
2025-01-31 15:27:42,5.0,0.1400986765511334,-16.26
2025-01-31 15:27:42,5.0,0.1400986765511334,-16.3
2025-01-31 15:27:42,5.0,0.14069225685670972,-16.3
2025-01-31 15:27:42,5.0,0.1400986765511334,-16.3
2025-01-31 15:27:43,5.0,0.1400986765511334,-16.26
2025-01-31 15:27:43,5.0,0.14069225685670972,-16.28
2025-01-31 15:27:43,5.0,0.14069225685670972,-16.31
2025-01-31 15:27:44,5.0,0.1400986765511334,-16.31
2025-01-31 15:27:44,5.0,0.1400986765511334,-16.37
2025-01-31 15:27:44,5.0,0.1400986765511334,-16.24
2025-01-31 15:27:44,5.0,0.1400986765511334,-16.22
2025-01-31 15:27:44,5.0,0.14069225685670972,-16.24
2025-01-31 15:27:45,5.0,0.1400986765511334,-16.29
2025-01-31 15:27:45,5.0,0.1400986765511334,-16.31
2025-01-31 15:27:45,5.0,0.1400986765511334,-16.25
2025-01-31 15:27:45,5.0,0.13950509624555707,-16.31
2025-01-31 15:27:45,5.0,0.13950509624555707,-16.23
2025-01-31 15:27:46,5.0,0.14069225685670972,-16.25
2025-01-31 15:27:46,5.0,0.13950509624555707,-16.31
2025-01-31 15:27:47,6.0,0.14959596144035459,-16.89
2025-01-31 15:27:47,6.0,0.14840880082920194,-16.96
2025-01-31 15:27:48,6.0,0.14959596144035459,-16.97
2025-01-31 15:27:48,6.0,0.14959596144035459,-17.12
2025-01-31 15:27:48,6.0,0.14900238113477826,-17.12
2025-01-31 15:27:48,6.0,0.14959596144035459,-17.12
2025-01-31 15:27:48,6.0,0.14959596144035459,-17.06
2025-01-31 15:27:49,6.0,0.14900238113477826,-17.01
2025-01-31 15:27:49,6.0,0.14900238113477826,-17.04
2025-01-31 15:27:49,6.0,0.14900238113477826,-17.01
2025-01-31 15:27:49,6.0,0.14959596144035459,-17.22
2025-01-31 15:27:50,6.0,0.14959596144035459,-17.06
2025-01-31 15:27:50,6.0,0.14900238113477826,-17.04
2025-01-31 15:27:50,6.0,0.14959596144035459,-17.11
2025-01-31 15:27:50,6.0,0.14959596144035459,-17.06
2025-01-31 15:27:50,6.0,0.14959596144035459,-17.09
2025-01-31 15:27:51,6.0,0.14959596144035459,-17.05
2025-01-31 15:27:51,6.0,0.1501895417459309,-17.12
2025-01-31 15:27:51,6.0,0.1501895417459309,-17.01
2025-01-31 15:27:51,6.0,0.14959596144035459,-17.0
2025-01-31 15:27:52,6.0,0.1501895417459309,-17.0
2025-01-31 15:27:52,6.0,0.1501895417459309,-17.04
2025-01-31 15:27:52,6.0,0.14900238113477826,-17.0
2025-01-31 15:27:52,6.0,0.14959596144035459,-17.01
2025-01-31 15:27:53,6.0,0.14959596144035459,-17.04
2025-01-31 15:27:53,6.0,0.14900238113477826,-17.06
2025-01-31 15:27:53,6.0,0.14959596144035459,-17.05
2025-01-31 15:27:53,6.0,0.14900238113477826,-17.05
2025-01-31 15:27:54,6.0,0.1501895417459309,-17.06
2025-01-31 15:27:54,6.0,0.14959596144035459,-17.06
2025-01-31 15:27:54,6.0,0.14959596144035459,-17.02
2025-01-31 15:27:54,6.0,0.14959596144035459,-17.0
2025-01-31 15:27:54,6.0,0.14959596144035459,-16.98
2025-01-31 15:27:55,6.0,0.14900238113477826,-17.06
2025-01-31 15:27:55,6.0,0.14959596144035459,-17.01
2025-01-31 15:27:55,6.0,0.14959596144035459,-17.0
2025-01-31 15:27:55,6.0,0.14959596144035459,-17.05
2025-01-31 15:27:56,6.0,0.14959596144035459,-17.06
2025-01-31 15:27:56,6.0,0.14959596144035459,-16.98
2025-01-31 15:27:56,6.0,0.14959596144035459,-17.06
2025-01-31 15:27:56,6.0,0.14959596144035459,-17.01
2025-01-31 15:27:56,6.0,0.14959596144035459,-17.02
2025-01-31 15:27:57,6.0,0.14959596144035459,-17.05
2025-01-31 15:27:57,6.0,0.14900238113477826,-17.05
2025-01-31 15:27:57,6.0,0.1501895417459309,-17.0
2025-01-31 15:27:57,6.0,0.14959596144035459,-17.04
2025-01-31 15:27:57,6.0,0.14959596144035459,-17.04
2025-01-31 15:27:58,6.0,0.14959596144035459,-17.02
2025-01-31 15:27:58,6.0,0.14959596144035459,-17.08
2025-01-31 15:27:58,6.0,0.14959596144035459,-17.06
2025-01-31 15:27:59,6.0,0.14900238113477826,-17.05
2025-01-31 15:27:59,6.0,0.14900238113477826,-17.15
2025-01-31 15:27:59,6.0,0.14959596144035459,-17.02
2025-01-31 15:27:59,6.0,0.14900238113477826,-17.04
2025-01-31 15:27:59,6.0,0.14959596144035459,-16.98
2025-01-31 15:28:00,6.0,0.14959596144035459,-16.98
2025-01-31 15:28:00,6.0,0.14900238113477826,-16.98
2025-01-31 15:28:00,6.0,0.1501895417459309,-17.02
2025-01-31 15:28:00,6.0,0.14959596144035459,-17.01
2025-01-31 15:28:00,6.0,0.14959596144035459,-17.02
2025-01-31 15:28:02,7.0,0.144847318995744,-16.46
2025-01-31 15:28:02,7.0,0.14544089930132031,-16.48
2025-01-31 15:28:02,7.0,0.144847318995744,-16.37
2025-01-31 15:28:02,7.0,0.14544089930132031,-16.45
2025-01-31 15:28:03,7.0,0.144847318995744,-16.36
2025-01-31 15:28:03,7.0,0.14544089930132031,-16.37
2025-01-31 15:28:03,7.0,0.14425373869016767,-16.37
2025-01-31 15:28:03,7.0,0.144847318995744,-16.38
2025-01-31 15:28:04,7.0,0.144847318995744,-16.39
2025-01-31 15:28:04,7.0,0.14425373869016767,-16.32
2025-01-31 15:28:04,7.0,0.14366015838459134,-16.37
2025-01-31 15:28:04,7.0,0.14425373869016767,-16.37
2025-01-31 15:28:05,7.0,0.144847318995744,-16.33
2025-01-31 15:28:05,7.0,0.14306657807901502,-16.34
2025-01-31 15:28:05,7.0,0.144847318995744,-16.37
2025-01-31 15:28:05,7.0,0.14544089930132031,-16.37
2025-01-31 15:28:05,7.0,0.14425373869016767,-16.37
2025-01-31 15:28:06,7.0,0.14425373869016767,-16.44
2025-01-31 15:28:06,7.0,0.14425373869016767,-16.34
2025-01-31 15:28:06,7.0,0.14425373869016767,-16.38
2025-01-31 15:28:06,7.0,0.14425373869016767,-16.31
2025-01-31 15:28:06,7.0,0.14366015838459134,-16.37
2025-01-31 15:28:07,7.0,0.14366015838459134,-16.38
2025-01-31 15:28:07,7.0,0.144847318995744,-16.38
2025-01-31 15:28:07,7.0,0.144847318995744,-16.36
2025-01-31 15:28:07,7.0,0.144847318995744,-16.39
2025-01-31 15:28:08,7.0,0.144847318995744,-16.38
2025-01-31 15:28:08,7.0,0.14425373869016767,-16.4
2025-01-31 15:28:08,7.0,0.14425373869016767,-16.34
2025-01-31 15:28:08,7.0,0.144847318995744,-16.46
2025-01-31 15:28:08,7.0,0.14425373869016767,-16.37
2025-01-31 15:28:09,7.0,0.144847318995744,-16.38
2025-01-31 15:28:09,7.0,0.14544089930132031,-16.36
2025-01-31 15:28:09,7.0,0.144847318995744,-16.37
2025-01-31 15:28:10,7.0,0.14425373869016767,-16.38
2025-01-31 15:28:10,7.0,0.14425373869016767,-16.32
2025-01-31 15:28:10,7.0,0.14425373869016767,-16.32
2025-01-31 15:28:10,7.0,0.14425373869016767,-16.32
2025-01-31 15:28:10,7.0,0.14425373869016767,-16.31
2025-01-31 15:28:11,7.0,0.14366015838459134,-16.28
2025-01-31 15:28:11,7.0,0.14425373869016767,-16.28
2025-01-31 15:28:11,7.0,0.14306657807901502,-16.29
2025-01-31 15:28:11,7.0,0.14366015838459134,-16.29
2025-01-31 15:28:11,7.0,0.14425373869016767,-16.29
2025-01-31 15:28:11,7.0,0.14366015838459134,-16.24
2025-01-31 15:28:12,7.0,0.14366015838459134,-16.23
2025-01-31 15:28:12,7.0,0.14366015838459134,-16.3
2025-01-31 15:28:12,7.0,0.14306657807901502,-16.23
2025-01-31 15:28:12,7.0,0.1424729977734387,-16.3
2025-01-31 15:28:13,7.0,0.14306657807901502,-16.2
2025-01-31 15:28:13,7.0,0.14366015838459134,-16.22
2025-01-31 15:28:13,7.0,0.1424729977734387,-16.21
2025-01-31 15:28:13,7.0,0.14366015838459134,-16.24
2025-01-31 15:28:14,7.0,0.1424729977734387,-16.23
2025-01-31 15:28:14,7.0,0.14187941746786237,-16.24
2025-01-31 15:28:14,7.0,0.14187941746786237,-16.2
2025-01-31 15:28:14,7.0,0.14306657807901502,-16.2
2025-01-31 15:28:15,7.0,0.1424729977734387,-16.22
2025-01-31 15:28:15,7.0,0.1424729977734387,-16.17
2025-01-31 15:28:15,7.0,0.1424729977734387,-16.23
2025-01-31 15:28:16,8.0,0.1306013916619122,-15.76
2025-01-31 15:28:17,8.0,0.1306013916619122,-15.83
2025-01-31 15:28:17,8.0,0.1306013916619122,-15.83
2025-01-31 15:28:17,8.0,0.13000781135633588,-15.83
2025-01-31 15:28:17,8.0,0.13000781135633588,-15.8
2025-01-31 15:28:17,8.0,0.13000781135633588,-15.76
2025-01-31 15:28:18,8.0,0.1306013916619122,-15.76
2025-01-31 15:28:18,8.0,0.12941423105075955,-15.76
2025-01-31 15:28:18,8.0,0.13000781135633588,-15.76
2025-01-31 15:28:18,8.0,0.12882065074518323,-15.76
2025-01-31 15:28:18,8.0,0.13000781135633588,-15.76
2025-01-31 15:28:19,8.0,0.12941423105075955,-15.76
2025-01-31 15:28:19,8.0,0.13000781135633588,-15.83
2025-01-31 15:28:19,8.0,0.12941423105075955,-15.76
2025-01-31 15:28:19,8.0,0.13000781135633588,-15.82
2025-01-31 15:28:20,8.0,0.13000781135633588,-15.86
2025-01-31 15:28:20,8.0,0.13000781135633588,-15.76
2025-01-31 15:28:20,8.0,0.13000781135633588,-15.78
2025-01-31 15:28:21,8.0,0.12941423105075955,-15.82
2025-01-31 15:28:21,8.0,0.12941423105075955,-15.8
2025-01-31 15:28:21,8.0,0.13000781135633588,-15.76
2025-01-31 15:28:21,8.0,0.13000781135633588,-15.78
2025-01-31 15:28:21,8.0,0.13000781135633588,-15.83
2025-01-31 15:28:22,8.0,0.12941423105075955,-15.82
2025-01-31 15:28:22,8.0,0.12941423105075955,-15.84
2025-01-31 15:28:22,8.0,0.1306013916619122,-15.8
2025-01-31 15:28:22,8.0,0.1306013916619122,-15.76
2025-01-31 15:28:22,8.0,0.12941423105075955,-15.8
2025-01-31 15:28:23,8.0,0.1306013916619122,-15.8
2025-01-31 15:28:23,8.0,0.13000781135633588,-15.76
2025-01-31 15:28:23,8.0,0.1306013916619122,-15.76
2025-01-31 15:28:23,8.0,0.13000781135633588,-15.76
2025-01-31 15:28:24,8.0,0.1306013916619122,-15.83
2025-01-31 15:28:24,8.0,0.13000781135633588,-15.78
2025-01-31 15:28:24,8.0,0.1306013916619122,-15.78
2025-01-31 15:28:24,8.0,0.1306013916619122,-15.8
2025-01-31 15:28:24,8.0,0.13000781135633588,-15.8
2025-01-31 15:28:25,8.0,0.12882065074518323,-15.76
2025-01-31 15:28:25,8.0,0.1306013916619122,-15.78
2025-01-31 15:28:25,8.0,0.13000781135633588,-15.83
2025-01-31 15:28:25,8.0,0.12941423105075955,-15.78
2025-01-31 15:28:26,8.0,0.1306013916619122,-15.8
2025-01-31 15:28:26,8.0,0.13000781135633588,-15.87
2025-01-31 15:28:26,8.0,0.13000781135633588,-15.84
2025-01-31 15:28:26,8.0,0.13000781135633588,-15.76
2025-01-31 15:28:27,8.0,0.13000781135633588,-15.76
2025-01-31 15:28:27,8.0,0.13000781135633588,-15.78
2025-01-31 15:28:27,8.0,0.13000781135633588,-15.8
2025-01-31 15:28:27,8.0,0.13000781135633588,-15.78
2025-01-31 15:28:27,8.0,0.12941423105075955,-15.78
2025-01-31 15:28:28,8.0,0.12941423105075955,-15.74
2025-01-31 15:28:28,8.0,0.13000781135633588,-15.78
2025-01-31 15:28:28,8.0,0.12941423105075955,-15.78
2025-01-31 15:28:28,8.0,0.13000781135633588,-15.8
2025-01-31 15:28:28,8.0,0.1306013916619122,-15.78
2025-01-31 15:28:29,8.0,0.1306013916619122,-15.78
2025-01-31 15:28:29,8.0,0.13000781135633588,-15.8
2025-01-31 15:28:29,8.0,0.13000781135633588,-15.92
2025-01-31 15:28:29,8.0,0.13000781135633588,-15.74
2025-01-31 15:28:30,8.0,0.12941423105075955,-15.74
2025-01-31 15:28:31,9.0,0.1282270704396069,-15.7
2025-01-31 15:28:31,9.0,0.12882065074518323,-15.7
2025-01-31 15:28:32,9.0,0.12882065074518323,-15.7
2025-01-31 15:28:32,9.0,0.1282270704396069,-15.71
2025-01-31 15:28:32,9.0,0.12941423105075955,-15.66
2025-01-31 15:28:32,9.0,0.1282270704396069,-15.67
2025-01-31 15:28:32,9.0,0.1282270704396069,-15.68
2025-01-31 15:28:33,9.0,0.12882065074518323,-15.66
2025-01-31 15:28:33,9.0,0.12882065074518323,-15.64
2025-01-31 15:28:33,9.0,0.12941423105075955,-15.65
2025-01-31 15:28:33,9.0,0.1282270704396069,-15.65
2025-01-31 15:28:33,9.0,0.12941423105075955,-15.61
2025-01-31 15:28:34,9.0,0.12941423105075955,-15.67
2025-01-31 15:28:34,9.0,0.1282270704396069,-15.64
2025-01-31 15:28:34,9.0,0.12941423105075955,-15.64
2025-01-31 15:28:34,9.0,0.12941423105075955,-15.64
2025-01-31 15:28:34,9.0,0.12882065074518323,-15.61
2025-01-31 15:28:35,9.0,0.12882065074518323,-15.7
2025-01-31 15:28:35,9.0,0.12882065074518323,-15.64
2025-01-31 15:28:35,9.0,0.12882065074518323,-15.62
2025-01-31 15:28:35,9.0,0.12941423105075955,-15.6
2025-01-31 15:28:36,9.0,0.12941423105075955,-15.61
2025-01-31 15:28:36,9.0,0.12941423105075955,-15.61
2025-01-31 15:28:36,9.0,0.12941423105075955,-15.65
2025-01-31 15:28:36,9.0,0.12882065074518323,-15.66
2025-01-31 15:28:37,9.0,0.12882065074518323,-15.68
2025-01-31 15:28:37,9.0,0.12941423105075955,-15.62
2025-01-31 15:28:37,9.0,0.12882065074518323,-15.62
2025-01-31 15:28:37,9.0,0.12941423105075955,-15.65
2025-01-31 15:28:38,9.0,0.12882065074518323,-15.63
2025-01-31 15:28:38,9.0,0.1282270704396069,-15.63
2025-01-31 15:28:38,9.0,0.12941423105075955,-15.64
2025-01-31 15:28:38,9.0,0.12941423105075955,-15.69
2025-01-31 15:28:38,9.0,0.12882065074518323,-15.62
2025-01-31 15:28:39,9.0,0.12763349013403058,-15.63
2025-01-31 15:28:39,9.0,0.12941423105075955,-15.63
2025-01-31 15:28:39,9.0,0.1282270704396069,-15.63
2025-01-31 15:28:39,9.0,0.12882065074518323,-15.63
2025-01-31 15:28:39,9.0,0.12882065074518323,-15.6
2025-01-31 15:28:40,9.0,0.12882065074518323,-15.6
2025-01-31 15:28:40,9.0,0.12882065074518323,-15.65
2025-01-31 15:28:40,9.0,0.12882065074518323,-15.61
2025-01-31 15:28:40,9.0,0.1282270704396069,-15.64
2025-01-31 15:28:41,9.0,0.12882065074518323,-15.61
2025-01-31 15:28:41,9.0,0.12882065074518323,-15.62
2025-01-31 15:28:41,9.0,0.12882065074518323,-15.62
2025-01-31 15:28:41,9.0,0.12882065074518323,-15.62
2025-01-31 15:28:41,9.0,0.12882065074518323,-15.58
2025-01-31 15:28:42,9.0,0.12882065074518323,-15.61
2025-01-31 15:28:42,9.0,0.12941423105075955,-15.6
2025-01-31 15:28:42,9.0,0.12941423105075955,-15.61
2025-01-31 15:28:42,9.0,0.12882065074518323,-15.63
2025-01-31 15:28:43,9.0,0.12941423105075955,-15.6
2025-01-31 15:28:43,9.0,0.12941423105075955,-15.62
2025-01-31 15:28:43,9.0,0.12882065074518323,-15.62
2025-01-31 15:28:43,9.0,0.12941423105075955,-15.62
2025-01-31 15:28:44,9.0,0.12882065074518323,-15.6
2025-01-31 15:28:44,9.0,0.12882065074518323,-15.61
2025-01-31 15:28:44,9.0,0.12941423105075955,-15.62
2025-01-31 15:28:44,9.0,0.12941423105075955,-15.62
2025-01-31 15:28:45,10.0,0.14069225685670972,-15.88
2025-01-31 15:28:46,10.0,0.14187941746786237,-15.83
2025-01-31 15:28:46,10.0,0.14128583716228604,-15.92
2025-01-31 15:28:46,10.0,0.14187941746786237,-16.01
2025-01-31 15:28:46,10.0,0.14187941746786237,-16.03
2025-01-31 15:28:46,10.0,0.14187941746786237,-16.04
2025-01-31 15:28:47,10.0,0.1424729977734387,-16.06
2025-01-31 15:28:47,10.0,0.1424729977734387,-16.0
2025-01-31 15:28:47,10.0,0.14187941746786237,-16.01
2025-01-31 15:28:48,10.0,0.14306657807901502,-16.0
2025-01-31 15:28:48,10.0,0.1424729977734387,-16.02
2025-01-31 15:28:48,10.0,0.14187941746786237,-15.98
2025-01-31 15:28:48,10.0,0.14306657807901502,-16.01
2025-01-31 15:28:48,10.0,0.14306657807901502,-16.06
2025-01-31 15:28:49,10.0,0.14306657807901502,-16.04
2025-01-31 15:28:49,10.0,0.1424729977734387,-16.03
2025-01-31 15:28:49,10.0,0.14306657807901502,-16.08
2025-01-31 15:28:49,10.0,0.14306657807901502,-16.1
2025-01-31 15:28:49,10.0,0.1424729977734387,-16.04
2025-01-31 15:28:50,10.0,0.1424729977734387,-16.05
2025-01-31 15:28:50,10.0,0.1424729977734387,-16.04
2025-01-31 15:28:50,10.0,0.14187941746786237,-16.1
2025-01-31 15:28:50,10.0,0.1424729977734387,-16.02
2025-01-31 15:28:50,10.0,0.1424729977734387,-15.95
2025-01-31 15:28:51,10.0,0.1424729977734387,-16.0
2025-01-31 15:28:51,10.0,0.1424729977734387,-16.01
2025-01-31 15:28:51,10.0,0.1424729977734387,-16.01
2025-01-31 15:28:51,10.0,0.1424729977734387,-16.01
2025-01-31 15:28:51,10.0,0.14187941746786237,-16.02
2025-01-31 15:28:52,10.0,0.14187941746786237,-16.02
2025-01-31 15:28:52,10.0,0.1424729977734387,-15.98
2025-01-31 15:28:52,10.0,0.1424729977734387,-15.96
2025-01-31 15:28:53,10.0,0.14128583716228604,-15.98
2025-01-31 15:28:53,10.0,0.14128583716228604,-15.92
2025-01-31 15:28:53,10.0,0.14128583716228604,-15.94
2025-01-31 15:28:53,10.0,0.14128583716228604,-15.9
2025-01-31 15:28:54,10.0,0.14069225685670972,-15.94
2025-01-31 15:28:54,10.0,0.14187941746786237,-15.93
2025-01-31 15:28:54,10.0,0.14069225685670972,-15.9
2025-01-31 15:28:54,10.0,0.14069225685670972,-15.91
2025-01-31 15:28:55,10.0,0.14128583716228604,-15.92
2025-01-31 15:28:55,10.0,0.14069225685670972,-15.95
2025-01-31 15:28:55,10.0,0.14069225685670972,-15.93
2025-01-31 15:28:55,10.0,0.1400986765511334,-15.88
2025-01-31 15:28:55,10.0,0.1400986765511334,-15.9
2025-01-31 15:28:56,10.0,0.14069225685670972,-15.98
2025-01-31 15:28:56,10.0,0.14069225685670972,-15.86
2025-01-31 15:28:56,10.0,0.14069225685670972,-15.88
2025-01-31 15:28:56,10.0,0.1400986765511334,-15.88
2025-01-31 15:28:57,10.0,0.14069225685670972,-15.88
2025-01-31 15:28:57,10.0,0.1400986765511334,-15.88
2025-01-31 15:28:57,10.0,0.14069225685670972,-15.88
2025-01-31 15:28:57,10.0,0.14069225685670972,-15.91
2025-01-31 15:28:57,10.0,0.14069225685670972,-15.9
2025-01-31 15:28:58,10.0,0.14069225685670972,-15.87
2025-01-31 15:28:58,10.0,0.14069225685670972,-15.88
2025-01-31 15:28:58,10.0,0.14069225685670972,-15.87
2025-01-31 15:28:58,10.0,0.14069225685670972,-15.92
2025-01-31 15:28:59,10.0,0.1400986765511334,-15.91
2025-01-31 15:28:59,10.0,0.1400986765511334,-15.89
2025-01-31 15:29:00,11.0,0.14544089930132031,-16.58
2025-01-31 15:29:00,11.0,0.144847318995744,-16.73
2025-01-31 15:29:01,11.0,0.14603447960689664,-16.58
2025-01-31 15:29:01,11.0,0.144847318995744,-16.54
2025-01-31 15:29:01,11.0,0.14425373869016767,-16.62
2025-01-31 15:29:01,11.0,0.14603447960689664,-16.55
2025-01-31 15:29:01,11.0,0.144847318995744,-16.56
2025-01-31 15:29:02,11.0,0.144847318995744,-16.52
2025-01-31 15:29:02,11.0,0.144847318995744,-16.55
2025-01-31 15:29:02,11.0,0.144847318995744,-16.52
2025-01-31 15:29:02,11.0,0.144847318995744,-16.52
2025-01-31 15:29:03,11.0,0.14544089930132031,-16.52
2025-01-31 15:29:03,11.0,0.144847318995744,-16.51
2025-01-31 15:29:03,11.0,0.14425373869016767,-16.55
2025-01-31 15:29:03,11.0,0.14425373869016767,-16.54
2025-01-31 15:29:04,11.0,0.14425373869016767,-16.54
2025-01-31 15:29:04,11.0,0.14366015838459134,-16.48
2025-01-31 15:29:04,11.0,0.14425373869016767,-16.51
2025-01-31 15:29:04,11.0,0.14425373869016767,-16.48
2025-01-31 15:29:05,11.0,0.144847318995744,-16.46
2025-01-31 15:29:05,11.0,0.14425373869016767,-16.48
2025-01-31 15:29:05,11.0,0.144847318995744,-16.54
2025-01-31 15:29:05,11.0,0.144847318995744,-16.5
2025-01-31 15:29:05,11.0,0.14425373869016767,-16.48
2025-01-31 15:29:06,11.0,0.14425373869016767,-16.48
2025-01-31 15:29:06,11.0,0.144847318995744,-16.51
2025-01-31 15:29:06,11.0,0.14425373869016767,-16.52
2025-01-31 15:29:06,11.0,0.144847318995744,-16.46
2025-01-31 15:29:07,11.0,0.144847318995744,-16.55
2025-01-31 15:29:07,11.0,0.144847318995744,-16.54
2025-01-31 15:29:07,11.0,0.144847318995744,-16.46
2025-01-31 15:29:07,11.0,0.14425373869016767,-16.51
2025-01-31 15:29:07,11.0,0.14425373869016767,-16.54
2025-01-31 15:29:07,11.0,0.14425373869016767,-16.55
2025-01-31 15:29:08,11.0,0.144847318995744,-16.55
2025-01-31 15:29:08,11.0,0.14425373869016767,-16.55
2025-01-31 15:29:08,11.0,0.14366015838459134,-16.55
2025-01-31 15:29:08,11.0,0.14366015838459134,-16.44
2025-01-31 15:29:09,11.0,0.14425373869016767,-16.46
2025-01-31 15:29:09,11.0,0.14306657807901502,-16.54
2025-01-31 15:29:09,11.0,0.14366015838459134,-16.43
2025-01-31 15:29:09,11.0,0.14425373869016767,-16.45
2025-01-31 15:29:10,11.0,0.14425373869016767,-16.46
2025-01-31 15:29:10,11.0,0.14425373869016767,-16.45
2025-01-31 15:29:10,11.0,0.14366015838459134,-16.46
2025-01-31 15:29:10,11.0,0.14366015838459134,-16.44
2025-01-31 15:29:11,11.0,0.144847318995744,-16.51
2025-01-31 15:29:11,11.0,0.14425373869016767,-16.44
2025-01-31 15:29:11,11.0,0.14425373869016767,-16.45
2025-01-31 15:29:11,11.0,0.144847318995744,-16.51
2025-01-31 15:29:12,11.0,0.14366015838459134,-16.51
2025-01-31 15:29:12,11.0,0.14366015838459134,-16.46
2025-01-31 15:29:12,11.0,0.14366015838459134,-16.48
2025-01-31 15:29:12,11.0,0.14425373869016767,-16.49
2025-01-31 15:29:12,11.0,0.14425373869016767,-16.54
2025-01-31 15:29:13,11.0,0.14425373869016767,-16.46
2025-01-31 15:29:13,11.0,0.14425373869016767,-16.46
2025-01-31 15:29:13,11.0,0.14425373869016767,-16.39
2025-01-31 15:29:13,11.0,0.14425373869016767,-16.52
2025-01-31 15:29:13,11.0,0.14306657807901502,-16.46
2025-01-31 15:29:15,12.0,0.13831793563440442,-16.58
2025-01-31 15:29:15,12.0,0.1377243553288281,-16.6
2025-01-31 15:29:15,12.0,0.13713077502325177,-16.6
2025-01-31 15:29:15,12.0,0.13594361441209912,-16.6
2025-01-31 15:29:16,12.0,0.13594361441209912,-16.57
2025-01-31 15:29:16,12.0,0.13594361441209912,-16.62
2025-01-31 15:29:16,12.0,0.13594361441209912,-16.61
2025-01-31 15:29:16,12.0,0.13594361441209912,-16.61
2025-01-31 15:29:16,12.0,0.13594361441209912,-16.56
2025-01-31 15:29:17,12.0,0.13653719471767545,-16.61
2025-01-31 15:29:17,12.0,0.1353500341065228,-16.6
2025-01-31 15:29:17,12.0,0.1353500341065228,-16.54
2025-01-31 15:29:17,12.0,0.13594361441209912,-16.6
2025-01-31 15:29:18,12.0,0.13594361441209912,-16.61
2025-01-31 15:29:18,12.0,0.13594361441209912,-16.58
2025-01-31 15:29:18,12.0,0.13594361441209912,-16.64
2025-01-31 15:29:18,12.0,0.13653719471767545,-16.58
2025-01-31 15:29:18,12.0,0.13653719471767545,-16.61
2025-01-31 15:29:19,12.0,0.13594361441209912,-16.57
2025-01-31 15:29:19,12.0,0.13713077502325177,-16.56
2025-01-31 15:29:19,12.0,0.13653719471767545,-16.6
2025-01-31 15:29:19,12.0,0.13653719471767545,-16.6
2025-01-31 15:29:19,12.0,0.13653719471767545,-16.6
2025-01-31 15:29:20,12.0,0.13653719471767545,-16.63
2025-01-31 15:29:20,12.0,0.13653719471767545,-16.6
2025-01-31 15:29:20,12.0,0.13713077502325177,-16.56
2025-01-31 15:29:20,12.0,0.13653719471767545,-16.61
2025-01-31 15:29:21,12.0,0.13653719471767545,-16.57
2025-01-31 15:29:21,12.0,0.13653719471767545,-16.58
2025-01-31 15:29:21,12.0,0.13713077502325177,-16.61
2025-01-31 15:29:21,12.0,0.13653719471767545,-16.57
2025-01-31 15:29:21,12.0,0.13713077502325177,-16.57
2025-01-31 15:29:22,12.0,0.13594361441209912,-16.62
2025-01-31 15:29:22,12.0,0.13653719471767545,-16.57
2025-01-31 15:29:22,12.0,0.13653719471767545,-16.58
2025-01-31 15:29:22,12.0,0.13653719471767545,-16.57
2025-01-31 15:29:23,12.0,0.13653719471767545,-16.58
2025-01-31 15:29:23,12.0,0.13653719471767545,-16.57
2025-01-31 15:29:23,12.0,0.13653719471767545,-16.55
2025-01-31 15:29:23,12.0,0.13594361441209912,-16.6
2025-01-31 15:29:23,12.0,0.13653719471767545,-16.57
2025-01-31 15:29:24,12.0,0.13653719471767545,-16.58
2025-01-31 15:29:24,12.0,0.13653719471767545,-16.61
2025-01-31 15:29:24,12.0,0.13713077502325177,-16.56
2025-01-31 15:29:24,12.0,0.13594361441209912,-16.54
2025-01-31 15:29:25,12.0,0.13653719471767545,-16.54
2025-01-31 15:29:25,12.0,0.13713077502325177,-16.57
2025-01-31 15:29:25,12.0,0.13713077502325177,-16.57
2025-01-31 15:29:25,12.0,0.13653719471767545,-16.57
2025-01-31 15:29:26,12.0,0.13713077502325177,-16.61
2025-01-31 15:29:26,12.0,0.13653719471767545,-16.6
2025-01-31 15:29:26,12.0,0.13653719471767545,-16.54
2025-01-31 15:29:26,12.0,0.13713077502325177,-16.58
2025-01-31 15:29:26,12.0,0.13653719471767545,-16.62
2025-01-31 15:29:27,12.0,0.13713077502325177,-16.54
2025-01-31 15:29:27,12.0,0.13653719471767545,-16.55
2025-01-31 15:29:27,12.0,0.1377243553288281,-16.57
2025-01-31 15:29:27,12.0,0.13713077502325177,-16.54
2025-01-31 15:29:28,12.0,0.13713077502325177,-16.56
2025-01-31 15:29:28,12.0,0.13653719471767545,-16.54
2025-01-31 15:29:29,13.0,0.1282270704396069,-17.15
2025-01-31 15:29:29,13.0,0.12763349013403058,-17.09
2025-01-31 15:29:30,13.0,0.12703990982845426,-17.14
2025-01-31 15:29:30,13.0,0.12703990982845426,-17.12
2025-01-31 15:29:30,13.0,0.12644632952287793,-17.12
2025-01-31 15:29:30,13.0,0.12703990982845426,-17.18
2025-01-31 15:29:30,13.0,0.1282270704396069,-17.16
2025-01-31 15:29:31,13.0,0.12644632952287793,-17.16
2025-01-31 15:29:31,13.0,0.12703990982845426,-17.14
2025-01-31 15:29:31,13.0,0.1258527492173016,-17.15
2025-01-31 15:29:31,13.0,0.1258527492173016,-17.12
2025-01-31 15:29:32,13.0,0.1258527492173016,-17.16
2025-01-31 15:29:32,13.0,0.12644632952287793,-17.14
2025-01-31 15:29:32,13.0,0.1258527492173016,-17.12
2025-01-31 15:29:32,13.0,0.1258527492173016,-17.19
2025-01-31 15:29:33,13.0,0.1258527492173016,-17.18
2025-01-31 15:29:33,13.0,0.12525916891172528,-17.15
2025-01-31 15:29:33,13.0,0.12525916891172528,-17.2
2025-01-31 15:29:33,13.0,0.12525916891172528,-17.18
2025-01-31 15:29:33,13.0,0.12525916891172528,-17.14
2025-01-31 15:29:34,13.0,0.1258527492173016,-17.12
2025-01-31 15:29:34,13.0,0.12644632952287793,-17.15
2025-01-31 15:29:34,13.0,0.12525916891172528,-17.15
2025-01-31 15:29:34,13.0,0.12525916891172528,-17.12
2025-01-31 15:29:35,13.0,0.12525916891172528,-17.16
2025-01-31 15:29:35,13.0,0.12466558860614896,-17.15
2025-01-31 15:29:35,13.0,0.12525916891172528,-17.16
2025-01-31 15:29:35,13.0,0.12525916891172528,-17.15
2025-01-31 15:29:35,13.0,0.12525916891172528,-17.15
2025-01-31 15:29:36,13.0,0.12525916891172528,-17.18
2025-01-31 15:29:36,13.0,0.1258527492173016,-17.16
2025-01-31 15:29:36,13.0,0.12525916891172528,-17.14
2025-01-31 15:29:37,13.0,0.12466558860614896,-17.14
2025-01-31 15:29:37,13.0,0.12525916891172528,-17.11
2025-01-31 15:29:37,13.0,0.12525916891172528,-17.12
2025-01-31 15:29:37,13.0,0.12466558860614896,-17.14
2025-01-31 15:29:38,13.0,0.12525916891172528,-17.16
2025-01-31 15:29:38,13.0,0.12525916891172528,-17.14
2025-01-31 15:29:38,13.0,0.12466558860614896,-17.16
2025-01-31 15:29:38,13.0,0.1258527492173016,-17.19
2025-01-31 15:29:38,13.0,0.1258527492173016,-17.15
2025-01-31 15:29:38,13.0,0.1258527492173016,-17.15
2025-01-31 15:29:39,13.0,0.12525916891172528,-17.15
2025-01-31 15:29:39,13.0,0.12525916891172528,-17.15
2025-01-31 15:29:39,13.0,0.12525916891172528,-17.16
2025-01-31 15:29:39,13.0,0.12525916891172528,-17.2
2025-01-31 15:29:40,13.0,0.12525916891172528,-17.14
2025-01-31 15:29:40,13.0,0.12525916891172528,-17.2
2025-01-31 15:29:40,13.0,0.1258527492173016,-17.16
2025-01-31 15:29:40,13.0,0.12525916891172528,-17.15
2025-01-31 15:29:40,13.0,0.12525916891172528,-17.14
2025-01-31 15:29:41,13.0,0.12525916891172528,-17.12
2025-01-31 15:29:41,13.0,0.12525916891172528,-17.16
2025-01-31 15:29:41,13.0,0.12466558860614896,-17.14
2025-01-31 15:29:41,13.0,0.12525916891172528,-17.14
2025-01-31 15:29:42,13.0,0.12525916891172528,-17.22
2025-01-31 15:29:42,13.0,0.12525916891172528,-17.14
2025-01-31 15:29:42,13.0,0.12525916891172528,-17.16
2025-01-31 15:29:42,13.0,0.12466558860614896,-17.16
2025-01-31 15:29:42,13.0,0.12466558860614896,-17.16
2025-01-31 15:29:44,14.0,0.12703990982845426,-17.2
2025-01-31 15:29:44,14.0,0.12703990982845426,-17.15
2025-01-31 15:29:44,14.0,0.12703990982845426,-17.29
2025-01-31 15:29:44,14.0,0.12763349013403058,-17.15
2025-01-31 15:29:45,14.0,0.12644632952287793,-17.15
2025-01-31 15:29:45,14.0,0.12644632952287793,-17.14
2025-01-31 15:29:45,14.0,0.12703990982845426,-17.18
2025-01-31 15:29:45,14.0,0.12763349013403058,-17.12
2025-01-31 15:29:45,14.0,0.12703990982845426,-17.16
2025-01-31 15:29:46,14.0,0.12703990982845426,-17.12
2025-01-31 15:29:46,14.0,0.12703990982845426,-17.15
2025-01-31 15:29:46,14.0,0.12763349013403058,-17.15
2025-01-31 15:29:46,14.0,0.12703990982845426,-17.12
2025-01-31 15:29:46,14.0,0.12644632952287793,-17.15
2025-01-31 15:29:47,14.0,0.12703990982845426,-17.16
2025-01-31 15:29:47,14.0,0.12703990982845426,-17.16
2025-01-31 15:29:47,14.0,0.1258527492173016,-17.18
2025-01-31 15:29:47,14.0,0.12644632952287793,-17.18
2025-01-31 15:29:48,14.0,0.12703990982845426,-17.19
2025-01-31 15:29:48,14.0,0.12644632952287793,-17.19
2025-01-31 15:29:48,14.0,0.12703990982845426,-17.19
2025-01-31 15:29:48,14.0,0.1258527492173016,-17.16
2025-01-31 15:29:48,14.0,0.12644632952287793,-17.15
2025-01-31 15:29:49,14.0,0.12525916891172528,-17.22
2025-01-31 15:29:49,14.0,0.1258527492173016,-17.18
2025-01-31 15:29:49,14.0,0.12525916891172528,-17.2
2025-01-31 15:29:49,14.0,0.1258527492173016,-17.24
2025-01-31 15:29:50,14.0,0.1258527492173016,-17.2
2025-01-31 15:29:50,14.0,0.12644632952287793,-17.25
2025-01-31 15:29:50,14.0,0.12525916891172528,-17.24
2025-01-31 15:29:50,14.0,0.1258527492173016,-17.19
2025-01-31 15:29:50,14.0,0.1258527492173016,-17.26
2025-01-31 15:29:51,14.0,0.12525916891172528,-17.2
2025-01-31 15:29:51,14.0,0.12466558860614896,-17.22
2025-01-31 15:29:51,14.0,0.12525916891172528,-17.22
2025-01-31 15:29:51,14.0,0.12525916891172528,-17.22
2025-01-31 15:29:51,14.0,0.12525916891172528,-17.2
2025-01-31 15:29:52,14.0,0.1258527492173016,-17.2
2025-01-31 15:29:52,14.0,0.1258527492173016,-17.19
2025-01-31 15:29:52,14.0,0.1258527492173016,-17.24
2025-01-31 15:29:53,14.0,0.1258527492173016,-17.2
2025-01-31 15:29:53,14.0,0.1258527492173016,-17.22
2025-01-31 15:29:53,14.0,0.12525916891172528,-17.22
2025-01-31 15:29:53,14.0,0.12525916891172528,-17.19
2025-01-31 15:29:53,14.0,0.1258527492173016,-17.18
2025-01-31 15:29:54,14.0,0.12525916891172528,-17.18
2025-01-31 15:29:54,14.0,0.1258527492173016,-17.18
2025-01-31 15:29:54,14.0,0.1258527492173016,-17.2
2025-01-31 15:29:54,14.0,0.1258527492173016,-17.19
2025-01-31 15:29:54,14.0,0.1258527492173016,-17.19
2025-01-31 15:29:55,14.0,0.1258527492173016,-17.18
2025-01-31 15:29:55,14.0,0.1258527492173016,-17.18
2025-01-31 15:29:55,14.0,0.1258527492173016,-17.19
2025-01-31 15:29:55,14.0,0.1258527492173016,-17.18
2025-01-31 15:29:56,14.0,0.1258527492173016,-17.18
2025-01-31 15:29:56,14.0,0.12644632952287793,-17.19
2025-01-31 15:29:56,14.0,0.1258527492173016,-17.19
2025-01-31 15:29:56,14.0,0.12644632952287793,-17.19
2025-01-31 15:29:56,14.0,0.1258527492173016,-17.19
2025-01-31 15:29:57,14.0,0.1258527492173016,-17.18
2025-01-31 15:29:58,15.0,0.12882065074518323,-17.14
2025-01-31 15:29:58,15.0,0.12941423105075955,-17.09
2025-01-31 15:29:58,15.0,0.12941423105075955,-17.08
2025-01-31 15:29:59,15.0,0.12941423105075955,-17.06
2025-01-31 15:29:59,15.0,0.12882065074518323,-17.11
2025-01-31 15:29:59,15.0,0.13000781135633588,-17.11
2025-01-31 15:29:59,15.0,0.12882065074518323,-17.24
2025-01-31 15:29:59,15.0,0.12941423105075955,-17.08
2025-01-31 15:30:00,15.0,0.12941423105075955,-17.08
2025-01-31 15:30:00,15.0,0.12941423105075955,-17.08
2025-01-31 15:30:00,15.0,0.12941423105075955,-17.08
2025-01-31 15:30:00,15.0,0.12882065074518323,-17.06
2025-01-31 15:30:01,15.0,0.13000781135633588,-17.09
2025-01-31 15:30:01,15.0,0.12941423105075955,-17.11
2025-01-31 15:30:01,15.0,0.13000781135633588,-17.15
2025-01-31 15:30:01,15.0,0.12941423105075955,-17.09
2025-01-31 15:30:01,15.0,0.12941423105075955,-17.08
2025-01-31 15:30:02,15.0,0.12941423105075955,-17.08
2025-01-31 15:30:02,15.0,0.12941423105075955,-17.09
2025-01-31 15:30:02,15.0,0.13000781135633588,-17.06
2025-01-31 15:30:02,15.0,0.13000781135633588,-17.09
2025-01-31 15:30:02,15.0,0.12941423105075955,-17.05
2025-01-31 15:30:03,15.0,0.12941423105075955,-17.09
2025-01-31 15:30:03,15.0,0.12941423105075955,-17.05
2025-01-31 15:30:03,15.0,0.12941423105075955,-17.09
2025-01-31 15:30:03,15.0,0.12941423105075955,-17.02
2025-01-31 15:30:04,15.0,0.12941423105075955,-17.12
2025-01-31 15:30:04,15.0,0.13000781135633588,-17.08
2025-01-31 15:30:04,15.0,0.13000781135633588,-17.06
2025-01-31 15:30:04,15.0,0.13000781135633588,-17.04
2025-01-31 15:30:05,15.0,0.12941423105075955,-17.01
2025-01-31 15:30:05,15.0,0.12941423105075955,-17.11
2025-01-31 15:30:05,15.0,0.13000781135633588,-17.05
2025-01-31 15:30:05,15.0,0.12941423105075955,-17.05
2025-01-31 15:30:06,15.0,0.12941423105075955,-17.06
2025-01-31 15:30:06,15.0,0.12941423105075955,-17.11
2025-01-31 15:30:06,15.0,0.12941423105075955,-17.06
2025-01-31 15:30:06,15.0,0.12941423105075955,-17.12
2025-01-31 15:30:07,15.0,0.12941423105075955,-17.04
2025-01-31 15:30:07,15.0,0.12941423105075955,-17.06
2025-01-31 15:30:07,15.0,0.12941423105075955,-17.11
2025-01-31 15:30:07,15.0,0.12941423105075955,-17.04
2025-01-31 15:30:07,15.0,0.13000781135633588,-17.12
2025-01-31 15:30:08,15.0,0.12941423105075955,-17.09
2025-01-31 15:30:08,15.0,0.12882065074518323,-17.08
2025-01-31 15:30:08,15.0,0.12882065074518323,-17.06
2025-01-31 15:30:08,15.0,0.12941423105075955,-17.09
2025-01-31 15:30:09,15.0,0.12882065074518323,-17.06
2025-01-31 15:30:09,15.0,0.12882065074518323,-17.14
2025-01-31 15:30:09,15.0,0.1282270704396069,-17.08
2025-01-31 15:30:09,15.0,0.1282270704396069,-17.08
2025-01-31 15:30:10,15.0,0.1282270704396069,-17.09
2025-01-31 15:30:10,15.0,0.12882065074518323,-17.11
2025-01-31 15:30:10,15.0,0.1282270704396069,-17.14
2025-01-31 15:30:10,15.0,0.12882065074518323,-17.09
2025-01-31 15:30:11,15.0,0.1282270704396069,-17.12
2025-01-31 15:30:11,15.0,0.1282270704396069,-17.12
2025-01-31 15:30:11,15.0,0.12882065074518323,-17.12
2025-01-31 15:30:11,15.0,0.12882065074518323,-17.12
2025-01-31 15:30:11,15.0,0.1282270704396069,-17.12
2025-01-31 15:30:13,16.0,0.13178855227306485,-17.12
2025-01-31 15:30:13,16.0,0.13238213257864118,-17.15
2025-01-31 15:30:13,16.0,0.13238213257864118,-17.11
2025-01-31 15:30:13,16.0,0.13238213257864118,-17.11
2025-01-31 15:30:13,16.0,0.13238213257864118,-17.11
2025-01-31 15:30:14,16.0,0.13238213257864118,-17.12
2025-01-31 15:30:14,16.0,0.1329757128842175,-17.12
2025-01-31 15:30:14,16.0,0.1329757128842175,-17.12
2025-01-31 15:30:15,16.0,0.13238213257864118,-17.09
2025-01-31 15:30:15,16.0,0.13238213257864118,-17.15
2025-01-31 15:30:15,16.0,0.13238213257864118,-17.09
2025-01-31 15:30:15,16.0,0.1329757128842175,-17.09
2025-01-31 15:30:15,16.0,0.13356929318979383,-17.12
2025-01-31 15:30:16,16.0,0.1329757128842175,-17.11
2025-01-31 15:30:16,16.0,0.1329757128842175,-17.06
2025-01-31 15:30:16,16.0,0.1329757128842175,-17.18
2025-01-31 15:30:16,16.0,0.1329757128842175,-17.04
2025-01-31 15:30:17,16.0,0.13356929318979383,-17.09
2025-01-31 15:30:17,16.0,0.13356929318979383,-17.09
2025-01-31 15:30:17,16.0,0.13238213257864118,-17.12
2025-01-31 15:30:17,16.0,0.13356929318979383,-17.12
2025-01-31 15:30:17,16.0,0.13356929318979383,-17.11
2025-01-31 15:30:18,16.0,0.1329757128842175,-17.06
2025-01-31 15:30:18,16.0,0.1329757128842175,-17.11
2025-01-31 15:30:18,16.0,0.1329757128842175,-17.08
2025-01-31 15:30:18,16.0,0.1329757128842175,-17.14
2025-01-31 15:30:19,16.0,0.1329757128842175,-17.09
2025-01-31 15:30:19,16.0,0.13356929318979383,-17.05
2025-01-31 15:30:19,16.0,0.13356929318979383,-17.09
2025-01-31 15:30:19,16.0,0.1329757128842175,-17.06
2025-01-31 15:30:20,16.0,0.1329757128842175,-17.06
2025-01-31 15:30:20,16.0,0.13416287349537015,-17.06
2025-01-31 15:30:20,16.0,0.1329757128842175,-17.14
2025-01-31 15:30:20,16.0,0.13356929318979383,-17.12
2025-01-31 15:30:21,16.0,0.13356929318979383,-17.09
2025-01-31 15:30:21,16.0,0.13416287349537015,-17.09
2025-01-31 15:30:21,16.0,0.13356929318979383,-17.08
2025-01-31 15:30:21,16.0,0.13356929318979383,-17.06
2025-01-31 15:30:21,16.0,0.13356929318979383,-17.09
2025-01-31 15:30:22,16.0,0.13416287349537015,-17.05
2025-01-31 15:30:22,16.0,0.13356929318979383,-17.19
2025-01-31 15:30:22,16.0,0.1329757128842175,-17.08
2025-01-31 15:30:22,16.0,0.13238213257864118,-17.14
2025-01-31 15:30:23,16.0,0.13238213257864118,-17.14
2025-01-31 15:30:23,16.0,0.1329757128842175,-17.14
2025-01-31 15:30:23,16.0,0.1329757128842175,-17.06
2025-01-31 15:30:23,16.0,0.1329757128842175,-17.09
2025-01-31 15:30:23,16.0,0.1329757128842175,-17.15
2025-01-31 15:30:24,16.0,0.13238213257864118,-17.12
2025-01-31 15:30:24,16.0,0.13238213257864118,-17.06
2025-01-31 15:30:24,16.0,0.1329757128842175,-17.14
2025-01-31 15:30:24,16.0,0.13356929318979383,-17.06
2025-01-31 15:30:24,16.0,0.13238213257864118,-17.09
2025-01-31 15:30:25,16.0,0.13178855227306485,-17.12
2025-01-31 15:30:25,16.0,0.13178855227306485,-17.09
2025-01-31 15:30:25,16.0,0.13238213257864118,-17.15
2025-01-31 15:30:26,16.0,0.13238213257864118,-17.09
2025-01-31 15:30:26,16.0,0.13178855227306485,-17.09
2025-01-31 15:30:26,16.0,0.13119497196748853,-17.12
2025-01-31 15:30:26,16.0,0.13178855227306485,-17.11
